﻿<?xml version="1.0" encoding="UTF-8" ?><records>
	<record>
		<containerID>68042</containerID>
		<destination>Eindhoven</destination>
		<origin>Liberchies</origin>
		<truckRegistrationNumber>214</truckRegistrationNumber>
		<needPowerPoint>false</needPowerPoint>
		<driverLicenceNumber>LGT79NEJ4DS</driverLicenceNumber>
		<driverName>Bob Harrison</driverName>
	</record>
	<record>
		<containerID>37676</containerID>
		<destination>Beaumont</destination>
		<origin>Kaaskerke</origin>
		<truckRegistrationNumber>147</truckRegistrationNumber>
		<needPowerPoint>true</needPowerPoint>
		<driverLicenceNumber>GWZ01LTF2CJ</driverLicenceNumber>
		<driverName>Barr13 M1lwalk13</driverName>
	</record>
	<record>
		<containerID>05886</containerID>
		<destination>Balıkesir</destination>
		<origin>San Pablo</origin>
		<truckRegistrationNumber>71</truckRegistrationNumber>
		<needPowerPoint>false</needPowerPoint>
		<driverLicenceNumber>MKL61JXM2AF</driverLicenceNumber>
		<driverName>825</driverName>
	</record>
	<record>
		<containerID>97567</containerID>
		<destination>Fort Worth</destination>
		<origin>Gillette</origin>
		<truckRegistrationNumber>184</truckRegistrationNumber>
		<needPowerPoint>true</needPowerPoint>
		<driverLicenceNumber>QKN12SMN9EC</driverLicenceNumber>
		<driverName>947</driverName>
	</record>
	<record>
		<containerID>8792</containerID>
		<destination>Crowsnest Pass</destination>
		<origin>Castelló</origin>
		<truckRegistrationNumber>84</truckRegistrationNumber>
		<needPowerPoint>false</needPowerPoint>
		<driverLicenceNumber>UAT89PTV6WK</driverLicenceNumber>
		<driverName>938</driverName>
	</record>
	<record>
		<containerID>668471</containerID>
		<destination>Luziânia</destination>
		<origin>Évreux</origin>
		<truckRegistrationNumber>129</truckRegistrationNumber>
		<needPowerPoint>true</needPowerPoint>
		<driverLicenceNumber>UQJ79BMU4RN</driverLicenceNumber>
		<driverName>267</driverName>
	</record>
	<record>
		<containerID>TM0U 8FE</containerID>
		<destination>Werder</destination>
		<origin>Blackwood</origin>
		<truckRegistrationNumber>286</truckRegistrationNumber>
		<needPowerPoint>true</needPowerPoint>
		<driverLicenceNumber>LFN57GFC7QI</driverLicenceNumber>
		<driverName>643</driverName>
	</record>
	<record>
		<containerID>5764</containerID>
		<destination>Deline</destination>
		<origin>Kapiti</origin>
		<truckRegistrationNumber>194</truckRegistrationNumber>
		<needPowerPoint>false</needPowerPoint>
		<driverLicenceNumber>OWF88RZS2EZ</driverLicenceNumber>
		<driverName>996</driverName>
	</record>
	<record>
		<containerID>60119</containerID>
		<destination>Vedrin</destination>
		<origin>MalŽves-Sainte-Marie-Wastines</origin>
		<truckRegistrationNumber>228</truckRegistrationNumber>
		<needPowerPoint>false</needPowerPoint>
		<driverLicenceNumber>LGF00KJV6EW</driverLicenceNumber>
		<driverName>971</driverName>
	</record>
	<record>
		<containerID>88842</containerID>
		<destination>Budaun</destination>
		<origin>Le Cannet</origin>
		<truckRegistrationNumber>231</truckRegistrationNumber>
		<needPowerPoint>true</needPowerPoint>
		<driverLicenceNumber>XDG18SXW0CY</driverLicenceNumber>
		<driverName>269</driverName>
	</record>
	<record>
		<containerID>61403</containerID>
		<destination>Kaduna</destination>
		<origin>Gressoney-Saint-Jean</origin>
		<truckRegistrationNumber>184</truckRegistrationNumber>
		<needPowerPoint>true</needPowerPoint>
		<driverLicenceNumber>OZS08AKL8WU</driverLicenceNumber>
		<driverName>461</driverName>
	</record>
	<record>
		<containerID>K1E 8S3</containerID>
		<destination>Istres</destination>
		<origin>Bastia</origin>
		<truckRegistrationNumber>284</truckRegistrationNumber>
		<needPowerPoint>true</needPowerPoint>
		<driverLicenceNumber>QEC87SHU7KI</driverLicenceNumber>
		<driverName>339</driverName>
	</record>
	<record>
		<containerID>11703</containerID>
		<destination>Chiny</destination>
		<origin>İzmit</origin>
		<truckRegistrationNumber>265</truckRegistrationNumber>
		<needPowerPoint>false</needPowerPoint>
		<driverLicenceNumber>OBD07BZD0OF</driverLicenceNumber>
		<driverName>224</driverName>
	</record>
	<record>
		<containerID>069603</containerID>
		<destination>Levis</destination>
		<origin>Lens-Saint-Remy</origin>
		<truckRegistrationNumber>233</truckRegistrationNumber>
		<needPowerPoint>true</needPowerPoint>
		<driverLicenceNumber>AYE71OYD8BW</driverLicenceNumber>
		<driverName>126</driverName>
	</record>
	<record>
		<containerID>9813</containerID>
		<destination>Goslar</destination>
		<origin>Oristano</origin>
		<truckRegistrationNumber>147</truckRegistrationNumber>
		<needPowerPoint>false</needPowerPoint>
		<driverLicenceNumber>CYX35JTB3JV</driverLicenceNumber>
		<driverName>190</driverName>
	</record>
	<record>
		<containerID>47664</containerID>
		<destination>Quilaco</destination>
		<origin>Builth Wells</origin>
		<truckRegistrationNumber>246</truckRegistrationNumber>
		<needPowerPoint>false</needPowerPoint>
		<driverLicenceNumber>OPV38RDI8IG</driverLicenceNumber>
		<driverName>1005</driverName>
	</record>
	<record>
		<containerID>YK95 0GI</containerID>
		<destination>Newbury</destination>
		<origin>Minto</origin>
		<truckRegistrationNumber>40</truckRegistrationNumber>
		<needPowerPoint>true</needPowerPoint>
		<driverLicenceNumber>VTK44BKA3IB</driverLicenceNumber>
		<driverName>45</driverName>
	</record>
	<record>
		<containerID>67610</containerID>
		<destination>Warburg</destination>
		<origin>Castelvetere in Val Fortore</origin>
		<truckRegistrationNumber>255</truckRegistrationNumber>
		<needPowerPoint>false</needPowerPoint>
		<driverLicenceNumber>KJJ15GRF3JJ</driverLicenceNumber>
		<driverName>147</driverName>
	</record>
	<record>
		<containerID>58238</containerID>
		<destination>Latinne</destination>
		<origin>St. Neots</origin>
		<truckRegistrationNumber>261</truckRegistrationNumber>
		<needPowerPoint>true</needPowerPoint>
		<driverLicenceNumber>VBC80ACE7NO</driverLicenceNumber>
		<driverName>876</driverName>
	</record>
	<record>
		<containerID>R9N 6X0</containerID>
		<destination>Lörrach</destination>
		<origin>Heikruis</origin>
		<truckRegistrationNumber>263</truckRegistrationNumber>
		<needPowerPoint>true</needPowerPoint>
		<driverLicenceNumber>GAJ89BZD6SW</driverLicenceNumber>
		<driverName>378</driverName>
	</record>
	<record>
		<containerID>43280</containerID>
		<destination>Santa Vittoria in Matenano</destination>
		<origin>Dallas</origin>
		<truckRegistrationNumber>3</truckRegistrationNumber>
		<needPowerPoint>false</needPowerPoint>
		<driverLicenceNumber>JXI59SGL4VX</driverLicenceNumber>
		<driverName>974</driverName>
	</record>
	<record>
		<containerID>6124</containerID>
		<destination>Socchieve</destination>
		<origin>Manavgat</origin>
		<truckRegistrationNumber>36</truckRegistrationNumber>
		<needPowerPoint>false</needPowerPoint>
		<driverLicenceNumber>ZGH34ECM6KT</driverLicenceNumber>
		<driverName>76</driverName>
	</record>
	<record>
		<containerID>2317ZD</containerID>
		<destination>Villanovafranca</destination>
		<origin>Alert Bay</origin>
		<truckRegistrationNumber>258</truckRegistrationNumber>
		<needPowerPoint>true</needPowerPoint>
		<driverLicenceNumber>TKM36LYO2UC</driverLicenceNumber>
		<driverName>980</driverName>
	</record>
	<record>
		<containerID>88-387</containerID>
		<destination>Drogenbos</destination>
		<origin>Chetwynd</origin>
		<truckRegistrationNumber>218</truckRegistrationNumber>
		<needPowerPoint>false</needPowerPoint>
		<driverLicenceNumber>TUP49MFJ2KB</driverLicenceNumber>
		<driverName>257</driverName>
	</record>
	<record>
		<containerID>85418</containerID>
		<destination>Langley</destination>
		<origin>Worcester</origin>
		<truckRegistrationNumber>109</truckRegistrationNumber>
		<needPowerPoint>true</needPowerPoint>
		<driverLicenceNumber>TPM94OUZ2AO</driverLicenceNumber>
		<driverName>234</driverName>
	</record>
	<record>
		<containerID>61-550</containerID>
		<destination>Capannori</destination>
		<origin>Lingen</origin>
		<truckRegistrationNumber>121</truckRegistrationNumber>
		<needPowerPoint>true</needPowerPoint>
		<driverLicenceNumber>LVF87BIV9QP</driverLicenceNumber>
		<driverName>367</driverName>
	</record>
	<record>
		<containerID>96760</containerID>
		<destination>Desamparados</destination>
		<origin>Kidwelly</origin>
		<truckRegistrationNumber>19</truckRegistrationNumber>
		<needPowerPoint>false</needPowerPoint>
		<driverLicenceNumber>TAS22GZC4YS</driverLicenceNumber>
		<driverName>826</driverName>
	</record>
	<record>
		<containerID>6500</containerID>
		<destination>Viranşehir</destination>
		<origin>Devizes</origin>
		<truckRegistrationNumber>276</truckRegistrationNumber>
		<needPowerPoint>false</needPowerPoint>
		<driverLicenceNumber>FKI66NHQ5GT</driverLicenceNumber>
		<driverName>413</driverName>
	</record>
	<record>
		<containerID>5745</containerID>
		<destination>Neu-Ulm</destination>
		<origin>Curaco de Vélez</origin>
		<truckRegistrationNumber>153</truckRegistrationNumber>
		<needPowerPoint>false</needPowerPoint>
		<driverLicenceNumber>XGM30PHA9HS</driverLicenceNumber>
		<driverName>744</driverName>
	</record>
	<record>
		<containerID>768193</containerID>
		<destination>Grand-Halleux</destination>
		<origin>Abbotsford</origin>
		<truckRegistrationNumber>219</truckRegistrationNumber>
		<needPowerPoint>false</needPowerPoint>
		<driverLicenceNumber>QVU84CJV5HF</driverLicenceNumber>
		<driverName>813</driverName>
	</record>
	<record>
		<containerID>78819</containerID>
		<destination>Faisalabad</destination>
		<origin>Trollhättan</origin>
		<truckRegistrationNumber>33</truckRegistrationNumber>
		<needPowerPoint>true</needPowerPoint>
		<driverLicenceNumber>FFL60QKF7DV</driverLicenceNumber>
		<driverName>461</driverName>
	</record>
	<record>
		<containerID>8499</containerID>
		<destination>Luziânia</destination>
		<origin>Chonchi</origin>
		<truckRegistrationNumber>11</truckRegistrationNumber>
		<needPowerPoint>true</needPowerPoint>
		<driverLicenceNumber>CEV14BFO6QP</driverLicenceNumber>
		<driverName>953</driverName>
	</record>
	<record>
		<containerID>14485-012</containerID>
		<destination>María Elena</destination>
		<origin>Pozo Almonte</origin>
		<truckRegistrationNumber>28</truckRegistrationNumber>
		<needPowerPoint>true</needPowerPoint>
		<driverLicenceNumber>JNR43YUG1DJ</driverLicenceNumber>
		<driverName>576</driverName>
	</record>
	<record>
		<containerID>59233</containerID>
		<destination>La Ligua</destination>
		<origin>Paal</origin>
		<truckRegistrationNumber>258</truckRegistrationNumber>
		<needPowerPoint>false</needPowerPoint>
		<driverLicenceNumber>EWJ10YXN2RL</driverLicenceNumber>
		<driverName>545</driverName>
	</record>
	<record>
		<containerID>5338KP</containerID>
		<destination>Montreal</destination>
		<origin>Hereford</origin>
		<truckRegistrationNumber>202</truckRegistrationNumber>
		<needPowerPoint>false</needPowerPoint>
		<driverLicenceNumber>HQH17GLR6VP</driverLicenceNumber>
		<driverName>289</driverName>
	</record>
	<record>
		<containerID>74542</containerID>
		<destination>Dampicourt</destination>
		<origin>San Giorgio Albanese</origin>
		<truckRegistrationNumber>175</truckRegistrationNumber>
		<needPowerPoint>false</needPowerPoint>
		<driverLicenceNumber>QCG34THC3VZ</driverLicenceNumber>
		<driverName>962</driverName>
	</record>
	<record>
		<containerID>7889</containerID>
		<destination>Etterbeek</destination>
		<origin>Honolulu</origin>
		<truckRegistrationNumber>230</truckRegistrationNumber>
		<needPowerPoint>false</needPowerPoint>
		<driverLicenceNumber>NFX14ZQG1WG</driverLicenceNumber>
		<driverName>333</driverName>
	</record>
	<record>
		<containerID>07596</containerID>
		<destination>Chambave</destination>
		<origin>Enkhuizen</origin>
		<truckRegistrationNumber>54</truckRegistrationNumber>
		<needPowerPoint>true</needPowerPoint>
		<driverLicenceNumber>JLP73QJD3PE</driverLicenceNumber>
		<driverName>171</driverName>
	</record>
	<record>
		<containerID>8243</containerID>
		<destination>Antuco</destination>
		<origin>HŽvillers</origin>
		<truckRegistrationNumber>184</truckRegistrationNumber>
		<needPowerPoint>true</needPowerPoint>
		<driverLicenceNumber>WRK15ABI4GW</driverLicenceNumber>
		<driverName>56</driverName>
	</record>
	<record>
		<containerID>434923</containerID>
		<destination>Connah's Quay</destination>
		<origin>Sint-Gillis-Waas</origin>
		<truckRegistrationNumber>11</truckRegistrationNumber>
		<needPowerPoint>false</needPowerPoint>
		<driverLicenceNumber>VOO65ODI9HF</driverLicenceNumber>
		<driverName>705</driverName>
	</record>
	<record>
		<containerID>5415</containerID>
		<destination>Sint-Andries</destination>
		<origin>Pellezzano</origin>
		<truckRegistrationNumber>200</truckRegistrationNumber>
		<needPowerPoint>false</needPowerPoint>
		<driverLicenceNumber>WKT00WGC9JF</driverLicenceNumber>
		<driverName>143</driverName>
	</record>
	<record>
		<containerID>7458</containerID>
		<destination>Columbus</destination>
		<origin>Mâcon</origin>
		<truckRegistrationNumber>191</truckRegistrationNumber>
		<needPowerPoint>true</needPowerPoint>
		<driverLicenceNumber>TFH59QES4ZR</driverLicenceNumber>
		<driverName>77</driverName>
	</record>
	<record>
		<containerID>46-157</containerID>
		<destination>Linkebeek</destination>
		<origin>Sangli</origin>
		<truckRegistrationNumber>250</truckRegistrationNumber>
		<needPowerPoint>true</needPowerPoint>
		<driverLicenceNumber>ATO07OUQ0DI</driverLicenceNumber>
		<driverName>57</driverName>
	</record>
	<record>
		<containerID>1618</containerID>
		<destination>Santa Cesarea Terme</destination>
		<origin>Plymouth</origin>
		<truckRegistrationNumber>217</truckRegistrationNumber>
		<needPowerPoint>true</needPowerPoint>
		<driverLicenceNumber>WLZ94PEU0XX</driverLicenceNumber>
		<driverName>571</driverName>
	</record>
	<record>
		<containerID>29546</containerID>
		<destination>Provo</destination>
		<origin>Roxburgh</origin>
		<truckRegistrationNumber>98</truckRegistrationNumber>
		<needPowerPoint>true</needPowerPoint>
		<driverLicenceNumber>LYC93DGR6UV</driverLicenceNumber>
		<driverName>46</driverName>
	</record>
	<record>
		<containerID>CL8U 8CR</containerID>
		<destination>Salt Spring Island</destination>
		<origin>Rockford</origin>
		<truckRegistrationNumber>145</truckRegistrationNumber>
		<needPowerPoint>false</needPowerPoint>
		<driverLicenceNumber>DSH09IHT4KV</driverLicenceNumber>
		<driverName>119</driverName>
	</record>
	<record>
		<containerID>R6E 9M9</containerID>
		<destination>Lauregno/Laurein</destination>
		<origin>Cerchio</origin>
		<truckRegistrationNumber>5</truckRegistrationNumber>
		<needPowerPoint>false</needPowerPoint>
		<driverLicenceNumber>LLZ89WRB1AB</driverLicenceNumber>
		<driverName>410</driverName>
	</record>
	<record>
		<containerID>518572</containerID>
		<destination>Cagnes-sur-Mer</destination>
		<origin>Anklam</origin>
		<truckRegistrationNumber>298</truckRegistrationNumber>
		<needPowerPoint>true</needPowerPoint>
		<driverLicenceNumber>IBL84IFK3WY</driverLicenceNumber>
		<driverName>982</driverName>
	</record>
	<record>
		<containerID>886175</containerID>
		<destination>Putaendo</destination>
		<origin>Thunder Bay</origin>
		<truckRegistrationNumber>42</truckRegistrationNumber>
		<needPowerPoint>true</needPowerPoint>
		<driverLicenceNumber>ZXA40KDM1EX</driverLicenceNumber>
		<driverName>797</driverName>
	</record>
	<record>
		<containerID>63942</containerID>
		<destination>Candidoni</destination>
		<origin>Valparaíso de Goiás</origin>
		<truckRegistrationNumber>93</truckRegistrationNumber>
		<needPowerPoint>false</needPowerPoint>
		<driverLicenceNumber>SYD73PSY6AH</driverLicenceNumber>
		<driverName>739</driverName>
	</record>
	<record>
		<containerID>71514</containerID>
		<destination>Smetlede</destination>
		<origin>Santa Rita</origin>
		<truckRegistrationNumber>160</truckRegistrationNumber>
		<needPowerPoint>false</needPowerPoint>
		<driverLicenceNumber>MJR38JGC0MV</driverLicenceNumber>
		<driverName>962</driverName>
	</record>
	<record>
		<containerID>892477</containerID>
		<destination>Eisenhüttenstadt</destination>
		<origin>Windsor</origin>
		<truckRegistrationNumber>33</truckRegistrationNumber>
		<needPowerPoint>false</needPowerPoint>
		<driverLicenceNumber>GKT41HYG0TF</driverLicenceNumber>
		<driverName>114</driverName>
	</record>
	<record>
		<containerID>9602</containerID>
		<destination>Pelago</destination>
		<origin>Dole</origin>
		<truckRegistrationNumber>213</truckRegistrationNumber>
		<needPowerPoint>true</needPowerPoint>
		<driverLicenceNumber>IXE33ESM9HE</driverLicenceNumber>
		<driverName>303</driverName>
	</record>
	<record>
		<containerID>20302</containerID>
		<destination>Neu-Isenburg</destination>
		<origin>Vichy</origin>
		<truckRegistrationNumber>105</truckRegistrationNumber>
		<needPowerPoint>false</needPowerPoint>
		<driverLicenceNumber>BVA10HPT2AI</driverLicenceNumber>
		<driverName>139</driverName>
	</record>
	<record>
		<containerID>3707</containerID>
		<destination>Clearwater Municipal District</destination>
		<origin>Laguna Blanca</origin>
		<truckRegistrationNumber>206</truckRegistrationNumber>
		<needPowerPoint>true</needPowerPoint>
		<driverLicenceNumber>YLL56ANI0DX</driverLicenceNumber>
		<driverName>954</driverName>
	</record>
	<record>
		<containerID>335309</containerID>
		<destination>Blind River</destination>
		<origin>Alness</origin>
		<truckRegistrationNumber>273</truckRegistrationNumber>
		<needPowerPoint>true</needPowerPoint>
		<driverLicenceNumber>JMA87DVT9NA</driverLicenceNumber>
		<driverName>64</driverName>
	</record>
	<record>
		<containerID>26675</containerID>
		<destination>Brest</destination>
		<origin>Goulburn</origin>
		<truckRegistrationNumber>32</truckRegistrationNumber>
		<needPowerPoint>true</needPowerPoint>
		<driverLicenceNumber>SWG35URG7PV</driverLicenceNumber>
		<driverName>940</driverName>
	</record>
	<record>
		<containerID>98428</containerID>
		<destination>Armadale</destination>
		<origin>Albany</origin>
		<truckRegistrationNumber>294</truckRegistrationNumber>
		<needPowerPoint>false</needPowerPoint>
		<driverLicenceNumber>DMX78TQJ8UN</driverLicenceNumber>
		<driverName>503</driverName>
	</record>
	<record>
		<containerID>66568</containerID>
		<destination>Lago Ranco</destination>
		<origin>Poggiodomo</origin>
		<truckRegistrationNumber>293</truckRegistrationNumber>
		<needPowerPoint>true</needPowerPoint>
		<driverLicenceNumber>UJG64GRN4EX</driverLicenceNumber>
		<driverName>793</driverName>
	</record>
	<record>
		<containerID>171463</containerID>
		<destination>Posina</destination>
		<origin>Cariboo Regional District</origin>
		<truckRegistrationNumber>256</truckRegistrationNumber>
		<needPowerPoint>true</needPowerPoint>
		<driverLicenceNumber>ZXQ53PRP9FE</driverLicenceNumber>
		<driverName>651</driverName>
	</record>
	<record>
		<containerID>1039</containerID>
		<destination>Neusiedl am See</destination>
		<origin>Arles</origin>
		<truckRegistrationNumber>42</truckRegistrationNumber>
		<needPowerPoint>false</needPowerPoint>
		<driverLicenceNumber>RAR31MKT7GB</driverLicenceNumber>
		<driverName>130</driverName>
	</record>
	<record>
		<containerID>451827</containerID>
		<destination>Châteauroux</destination>
		<origin>Dutse</origin>
		<truckRegistrationNumber>43</truckRegistrationNumber>
		<needPowerPoint>true</needPowerPoint>
		<driverLicenceNumber>SOF46HUC3WG</driverLicenceNumber>
		<driverName>479</driverName>
	</record>
	<record>
		<containerID>14698</containerID>
		<destination>Doel</destination>
		<origin>Girifalco</origin>
		<truckRegistrationNumber>192</truckRegistrationNumber>
		<needPowerPoint>false</needPowerPoint>
		<driverLicenceNumber>CSL42FHD4UL</driverLicenceNumber>
		<driverName>686</driverName>
	</record>
	<record>
		<containerID>39410</containerID>
		<destination>Springfield</destination>
		<origin>Deventer</origin>
		<truckRegistrationNumber>130</truckRegistrationNumber>
		<needPowerPoint>false</needPowerPoint>
		<driverLicenceNumber>PTL87OQH2GW</driverLicenceNumber>
		<driverName>386</driverName>
	</record>
	<record>
		<containerID>104414</containerID>
		<destination>Maastricht</destination>
		<origin>Valparaíso de Goiás</origin>
		<truckRegistrationNumber>234</truckRegistrationNumber>
		<needPowerPoint>true</needPowerPoint>
		<driverLicenceNumber>KIA34YMB4BO</driverLicenceNumber>
		<driverName>234</driverName>
	</record>
	<record>
		<containerID>96072-574</containerID>
		<destination>Kamoke</destination>
		<origin>Kalken</origin>
		<truckRegistrationNumber>2</truckRegistrationNumber>
		<needPowerPoint>true</needPowerPoint>
		<driverLicenceNumber>YIM18CDL0MH</driverLicenceNumber>
		<driverName>3</driverName>
	</record>
	<record>
		<containerID>668687</containerID>
		<destination>Nicolosi</destination>
		<origin>Belsele</origin>
		<truckRegistrationNumber>215</truckRegistrationNumber>
		<needPowerPoint>false</needPowerPoint>
		<driverLicenceNumber>FAT09FTQ6CK</driverLicenceNumber>
		<driverName>970</driverName>
	</record>
	<record>
		<containerID>282502</containerID>
		<destination>Nelson</destination>
		<origin>Campbellton</origin>
		<truckRegistrationNumber>144</truckRegistrationNumber>
		<needPowerPoint>false</needPowerPoint>
		<driverLicenceNumber>MRK10IGH3AB</driverLicenceNumber>
		<driverName>254</driverName>
	</record>
	<record>
		<containerID>784659</containerID>
		<destination>Cobquecura</destination>
		<origin>Puyehue</origin>
		<truckRegistrationNumber>156</truckRegistrationNumber>
		<needPowerPoint>false</needPowerPoint>
		<driverLicenceNumber>GEF35SBK4XK</driverLicenceNumber>
		<driverName>93</driverName>
	</record>
	<record>
		<containerID>27938</containerID>
		<destination>Gaggio Montano</destination>
		<origin>Arbroath</origin>
		<truckRegistrationNumber>94</truckRegistrationNumber>
		<needPowerPoint>false</needPowerPoint>
		<driverLicenceNumber>NQP38DHN3OU</driverLicenceNumber>
		<driverName>304</driverName>
	</record>
	<record>
		<containerID>1958</containerID>
		<destination>Duffel</destination>
		<origin>Attimis</origin>
		<truckRegistrationNumber>173</truckRegistrationNumber>
		<needPowerPoint>false</needPowerPoint>
		<driverLicenceNumber>EWC75VGV7SD</driverLicenceNumber>
		<driverName>580</driverName>
	</record>
	<record>
		<containerID>79955</containerID>
		<destination>Casacalenda</destination>
		<origin>Veere</origin>
		<truckRegistrationNumber>72</truckRegistrationNumber>
		<needPowerPoint>false</needPowerPoint>
		<driverLicenceNumber>HHJ22YGN6CJ</driverLicenceNumber>
		<driverName>725</driverName>
	</record>
	<record>
		<containerID>13-513</containerID>
		<destination>Morpeth</destination>
		<origin>Serampore</origin>
		<truckRegistrationNumber>139</truckRegistrationNumber>
		<needPowerPoint>true</needPowerPoint>
		<driverLicenceNumber>ELW04BZY0KS</driverLicenceNumber>
		<driverName>756</driverName>
	</record>
	<record>
		<containerID>12717</containerID>
		<destination>South Bend</destination>
		<origin>St. John's</origin>
		<truckRegistrationNumber>256</truckRegistrationNumber>
		<needPowerPoint>true</needPowerPoint>
		<driverLicenceNumber>SJI44RCS1VL</driverLicenceNumber>
		<driverName>417</driverName>
	</record>
	<record>
		<containerID>11205</containerID>
		<destination>Bossuit</destination>
		<origin>Tiegem</origin>
		<truckRegistrationNumber>113</truckRegistrationNumber>
		<needPowerPoint>false</needPowerPoint>
		<driverLicenceNumber>PSO79HOD4TP</driverLicenceNumber>
		<driverName>84</driverName>
	</record>
	<record>
		<containerID>3102</containerID>
		<destination>Frederick</destination>
		<origin>Las Condes</origin>
		<truckRegistrationNumber>165</truckRegistrationNumber>
		<needPowerPoint>false</needPowerPoint>
		<driverLicenceNumber>IWD31HTC5KI</driverLicenceNumber>
		<driverName>131</driverName>
	</record>
	<record>
		<containerID>33777</containerID>
		<destination>Welland</destination>
		<origin>Laakirchen</origin>
		<truckRegistrationNumber>235</truckRegistrationNumber>
		<needPowerPoint>true</needPowerPoint>
		<driverLicenceNumber>HUV34MNV2QV</driverLicenceNumber>
		<driverName>725</driverName>
	</record>
	<record>
		<containerID>18920</containerID>
		<destination>Nijlen</destination>
		<origin>Santa Rita</origin>
		<truckRegistrationNumber>269</truckRegistrationNumber>
		<needPowerPoint>false</needPowerPoint>
		<driverLicenceNumber>FVO10TSL8CZ</driverLicenceNumber>
		<driverName>995</driverName>
	</record>
	<record>
		<containerID>23196</containerID>
		<destination>Bangor</destination>
		<origin>Coquitlam</origin>
		<truckRegistrationNumber>58</truckRegistrationNumber>
		<needPowerPoint>false</needPowerPoint>
		<driverLicenceNumber>WZA44FCN6ID</driverLicenceNumber>
		<driverName>365</driverName>
	</record>
	<record>
		<containerID>X8N 8B3</containerID>
		<destination>Virginia Beach</destination>
		<origin>Chesapeake</origin>
		<truckRegistrationNumber>12</truckRegistrationNumber>
		<needPowerPoint>true</needPowerPoint>
		<driverLicenceNumber>ULX99XDD9UP</driverLicenceNumber>
		<driverName>709</driverName>
	</record>
	<record>
		<containerID>9034</containerID>
		<destination>Chełm</destination>
		<origin>Leonding</origin>
		<truckRegistrationNumber>98</truckRegistrationNumber>
		<needPowerPoint>false</needPowerPoint>
		<driverLicenceNumber>MRR05NKJ0JX</driverLicenceNumber>
		<driverName>438</driverName>
	</record>
	<record>
		<containerID>59269</containerID>
		<destination>Eyemouth</destination>
		<origin>Malbaie</origin>
		<truckRegistrationNumber>115</truckRegistrationNumber>
		<needPowerPoint>true</needPowerPoint>
		<driverLicenceNumber>ESW44FWF7WS</driverLicenceNumber>
		<driverName>393</driverName>
	</record>
	<record>
		<containerID>11321-598</containerID>
		<destination>Sittard</destination>
		<origin>Maullín</origin>
		<truckRegistrationNumber>67</truckRegistrationNumber>
		<needPowerPoint>false</needPowerPoint>
		<driverLicenceNumber>CQB02OIT7DX</driverLicenceNumber>
		<driverName>706</driverName>
	</record>
	<record>
		<containerID>68913</containerID>
		<destination>Melbourne</destination>
		<origin>Aylmer</origin>
		<truckRegistrationNumber>18</truckRegistrationNumber>
		<needPowerPoint>false</needPowerPoint>
		<driverLicenceNumber>MOT49RZP8LO</driverLicenceNumber>
		<driverName>63</driverName>
	</record>
	<record>
		<containerID>10916</containerID>
		<destination>Bevel</destination>
		<origin>Alacant</origin>
		<truckRegistrationNumber>168</truckRegistrationNumber>
		<needPowerPoint>true</needPowerPoint>
		<driverLicenceNumber>PVJ99QCC5VD</driverLicenceNumber>
		<driverName>509</driverName>
	</record>
	<record>
		<containerID>35283-899</containerID>
		<destination>Gespeg</destination>
		<origin>Bad Neuenahr-Ahrweiler</origin>
		<truckRegistrationNumber>26</truckRegistrationNumber>
		<needPowerPoint>false</needPowerPoint>
		<driverLicenceNumber>ACO02VYW2PE</driverLicenceNumber>
		<driverName>567</driverName>
	</record>
	<record>
		<containerID>30080</containerID>
		<destination>Henderson</destination>
		<origin>Cape Breton Island</origin>
		<truckRegistrationNumber>29</truckRegistrationNumber>
		<needPowerPoint>false</needPowerPoint>
		<driverLicenceNumber>ZHT85JOV1FO</driverLicenceNumber>
		<driverName>593</driverName>
	</record>
	<record>
		<containerID>60811</containerID>
		<destination>Hamme</destination>
		<origin>Coupar Angus</origin>
		<truckRegistrationNumber>276</truckRegistrationNumber>
		<needPowerPoint>false</needPowerPoint>
		<driverLicenceNumber>PQH69EOY3CF</driverLicenceNumber>
		<driverName>688</driverName>
	</record>
	<record>
		<containerID>71530-604</containerID>
		<destination>Gijzelbrechtegem</destination>
		<origin>Alwar</origin>
		<truckRegistrationNumber>155</truckRegistrationNumber>
		<needPowerPoint>false</needPowerPoint>
		<driverLicenceNumber>HPM27EFG8YG</driverLicenceNumber>
		<driverName>687</driverName>
	</record>
	<record>
		<containerID>61111</containerID>
		<destination>Petit-Thier</destination>
		<origin>Montignies-Saint-Christophe</origin>
		<truckRegistrationNumber>182</truckRegistrationNumber>
		<needPowerPoint>true</needPowerPoint>
		<driverLicenceNumber>GPO75QNN2XS</driverLicenceNumber>
		<driverName>281</driverName>
	</record>
	<record>
		<containerID>65981</containerID>
		<destination>Ludwigshafen</destination>
		<origin>Rigolet</origin>
		<truckRegistrationNumber>260</truckRegistrationNumber>
		<needPowerPoint>false</needPowerPoint>
		<driverLicenceNumber>RKU91DQK4DL</driverLicenceNumber>
		<driverName>842</driverName>
	</record>
	<record>
		<containerID>681349</containerID>
		<destination>Blevio</destination>
		<origin>Guelph</origin>
		<truckRegistrationNumber>94</truckRegistrationNumber>
		<needPowerPoint>false</needPowerPoint>
		<driverLicenceNumber>WYU28JTP7UD</driverLicenceNumber>
		<driverName>427</driverName>
	</record>
	<record>
		<containerID>20915</containerID>
		<destination>Saint-Sébastien-sur-Loire</destination>
		<origin>Melrose</origin>
		<truckRegistrationNumber>116</truckRegistrationNumber>
		<needPowerPoint>false</needPowerPoint>
		<driverLicenceNumber>IEE54IRX7YF</driverLicenceNumber>
		<driverName>355</driverName>
	</record>
	<record>
		<containerID>51831</containerID>
		<destination>Sant'Angelo a Cupolo</destination>
		<origin>Sant'Omero</origin>
		<truckRegistrationNumber>185</truckRegistrationNumber>
		<needPowerPoint>false</needPowerPoint>
		<driverLicenceNumber>AKU16EGN1DE</driverLicenceNumber>
		<driverName>443</driverName>
	</record>
	<record>
		<containerID>78053</containerID>
		<destination>Huelva</destination>
		<origin>Püttlingen</origin>
		<truckRegistrationNumber>300</truckRegistrationNumber>
		<needPowerPoint>false</needPowerPoint>
		<driverLicenceNumber>CRO54DMK3JM</driverLicenceNumber>
		<driverName>663</driverName>
	</record>
	<record>
		<containerID>53310</containerID>
		<destination>Luik</destination>
		<origin>Christchurch</origin>
		<truckRegistrationNumber>26</truckRegistrationNumber>
		<needPowerPoint>true</needPowerPoint>
		<driverLicenceNumber>NRX57BMV9TA</driverLicenceNumber>
		<driverName>23</driverName>
	</record>
	<record>
		<containerID>3529</containerID>
		<destination>Raichur</destination>
		<origin>Cervino</origin>
		<truckRegistrationNumber>182</truckRegistrationNumber>
		<needPowerPoint>true</needPowerPoint>
		<driverLicenceNumber>WHW30RTM0TV</driverLicenceNumber>
		<driverName>866</driverName>
	</record>
	<record>
		<containerID>7391</containerID>
		<destination>Helmond</destination>
		<origin>Nandyal</origin>
		<truckRegistrationNumber>25</truckRegistrationNumber>
		<needPowerPoint>true</needPowerPoint>
		<driverLicenceNumber>TTS01IKO6QO</driverLicenceNumber>
		<driverName>852</driverName>
	</record>
	<record>
		<containerID>41615</containerID>
		<destination>Verona</destination>
		<origin>Bahawalpur</origin>
		<truckRegistrationNumber>14</truckRegistrationNumber>
		<needPowerPoint>true</needPowerPoint>
		<driverLicenceNumber>WOU93RXL9YX</driverLicenceNumber>
		<driverName>769</driverName>
	</record>
	<record>
		<containerID>80442</containerID>
		<destination>Manchester</destination>
		<origin>St. Catharines</origin>
		<truckRegistrationNumber>298</truckRegistrationNumber>
		<needPowerPoint>false</needPowerPoint>
		<driverLicenceNumber>TQF13FWI9TX</driverLicenceNumber>
		<driverName>197</driverName>
	</record>
</records>