<?xml version="1.0" encoding="UTF-8" ?><records>
	<record>
		<containerID>6703SZ</containerID>
		<destination>Garaguso</destination>
		<origin>Geest-GŽrompont-Petit-RosiŽre</origin>
		<truckRegistrationNumber>8</truckRegistrationNumber>
		<needPowerPoint>false</needPowerPoint>
		<driverLicenceNumber>JWS70PJQ9TF</driverLicenceNumber>
		<driverName>Ursa Fleming</driverName>
	</record>
	<record>
		<containerID>9251</containerID>
		<destination>Tortel</destination>
		<origin>Delitzsch</origin>
		<truckRegistrationNumber>8</truckRegistrationNumber>
		<needPowerPoint>true</needPowerPoint>
		<driverLicenceNumber>ETS52JNR4IT</driverLicenceNumber>
		<driverName>Aubrey Mooney</driverName>
	</record>
	<record>
		<containerID>1397</containerID>
		<destination>Belsele</destination>
		<origin>Las Palmas</origin>
		<truckRegistrationNumber>95</truckRegistrationNumber>
		<needPowerPoint>true</needPowerPoint>
		<driverLicenceNumber>JFS52BPN9SK</driverLicenceNumber>
		<driverName>Lamar George</driverName>
	</record>
	<record>
		<containerID>61202</containerID>
		<destination>Malbaie</destination>
		<origin>Brahmapur</origin>
		<truckRegistrationNumber>226</truckRegistrationNumber>
		<needPowerPoint>true</needPowerPoint>
		<driverLicenceNumber>YZI75VCA2ZP</driverLicenceNumber>
		<driverName>Cameron Bauer</driverName>
	</record>
	<record>
		<containerID>19713</containerID>
		<destination>Marilles</destination>
		<origin>Maunath Bhanjan</origin>
		<truckRegistrationNumber>20</truckRegistrationNumber>
		<needPowerPoint>true</needPowerPoint>
		<driverLicenceNumber>JBC85LRO3IQ</driverLicenceNumber>
		<driverName>Martena Mclaughlin</driverName>
	</record>
	<record>
		<containerID>31577</containerID>
		<destination>Maria</destination>
		<origin>Fredericton</origin>
		<truckRegistrationNumber>141</truckRegistrationNumber>
		<needPowerPoint>true</needPowerPoint>
		<driverLicenceNumber>YBZ90MOF6RW</driverLicenceNumber>
		<driverName>Clio Whitley</driverName>
	</record>
	<record>
		<containerID>56222-781</containerID>
		<destination>San Venanzo</destination>
		<origin>Dos Hermanas</origin>
		<truckRegistrationNumber>292</truckRegistrationNumber>
		<needPowerPoint>false</needPowerPoint>
		<driverLicenceNumber>SAC82JZE3IX</driverLicenceNumber>
		<driverName>Cynthia Kennedy</driverName>
	</record>
	<record>
		<containerID>21330</containerID>
		<destination>Albacete</destination>
		<origin>Kraków</origin>
		<truckRegistrationNumber>262</truckRegistrationNumber>
		<needPowerPoint>true</needPowerPoint>
		<driverLicenceNumber>LJV00BSH0RM</driverLicenceNumber>
		<driverName>Claudia Mullen</driverName>
	</record>
	<record>
		<containerID>7504</containerID>
		<destination>Horsham</destination>
		<origin>Denderwindeke</origin>
		<truckRegistrationNumber>58</truckRegistrationNumber>
		<needPowerPoint>false</needPowerPoint>
		<driverLicenceNumber>MBD86EGQ9FN</driverLicenceNumber>
		<driverName>Isaac Cohen</driverName>
	</record>
	<record>
		<containerID>778126</containerID>
		<destination>Moerzeke</destination>
		<origin>Landau</origin>
		<truckRegistrationNumber>115</truckRegistrationNumber>
		<needPowerPoint>true</needPowerPoint>
		<driverLicenceNumber>JEW47OJL5GK</driverLicenceNumber>
		<driverName>Tad Schwartz</driverName>
	</record>
	<record>
		<containerID>43795</containerID>
		<destination>Sint-Andries</destination>
		<origin>Salzgitter</origin>
		<truckRegistrationNumber>269</truckRegistrationNumber>
		<needPowerPoint>false</needPowerPoint>
		<driverLicenceNumber>FKK57EMP9XB</driverLicenceNumber>
		<driverName>Caldwell Wilcox</driverName>
	</record>
	<record>
		<containerID>70646-466</containerID>
		<destination>Lörrach</destination>
		<origin>Neunkirchen</origin>
		<truckRegistrationNumber>29</truckRegistrationNumber>
		<needPowerPoint>false</needPowerPoint>
		<driverLicenceNumber>URR93CFT2PL</driverLicenceNumber>
		<driverName>Sylvia Miles</driverName>
	</record>
	<record>
		<containerID>92619-690</containerID>
		<destination>Halle</destination>
		<origin>Itajaí</origin>
		<truckRegistrationNumber>105</truckRegistrationNumber>
		<needPowerPoint>true</needPowerPoint>
		<driverLicenceNumber>FXL90RLO7PR</driverLicenceNumber>
		<driverName>Carlos Dudley</driverName>
	</record>
	<record>
		<containerID>6126</containerID>
		<destination>Malartic</destination>
		<origin>Jabbeke</origin>
		<truckRegistrationNumber>138</truckRegistrationNumber>
		<needPowerPoint>true</needPowerPoint>
		<driverLicenceNumber>OZJ66YSD7WY</driverLicenceNumber>
		<driverName>Kenneth Mitchell</driverName>
	</record>
	<record>
		<containerID>0876HY</containerID>
		<destination>San Luca</destination>
		<origin>Opole</origin>
		<truckRegistrationNumber>153</truckRegistrationNumber>
		<needPowerPoint>true</needPowerPoint>
		<driverLicenceNumber>KHP75FSD2FJ</driverLicenceNumber>
		<driverName>Ciara Duke</driverName>
	</record>
	<record>
		<containerID>410643</containerID>
		<destination>Kuşadası</destination>
		<origin>Buren</origin>
		<truckRegistrationNumber>246</truckRegistrationNumber>
		<needPowerPoint>false</needPowerPoint>
		<driverLicenceNumber>EDV98WVR7SZ</driverLicenceNumber>
		<driverName>Velma Baker</driverName>
	</record>
	<record>
		<containerID>53879</containerID>
		<destination>Huppaye</destination>
		<origin>Aubervilliers</origin>
		<truckRegistrationNumber>53</truckRegistrationNumber>
		<needPowerPoint>true</needPowerPoint>
		<driverLicenceNumber>YRJ64FLD9QV</driverLicenceNumber>
		<driverName>Eagan William</driverName>
	</record>
	<record>
		<containerID>70702</containerID>
		<destination>Baie-Comeau</destination>
		<origin>Henstedt-Ulzburg</origin>
		<truckRegistrationNumber>146</truckRegistrationNumber>
		<needPowerPoint>false</needPowerPoint>
		<driverLicenceNumber>ZRM57CCE1LA</driverLicenceNumber>
		<driverName>Regan Sanders</driverName>
	</record>
	<record>
		<containerID>60901</containerID>
		<destination>Newbury</destination>
		<origin>Dumbarton</origin>
		<truckRegistrationNumber>104</truckRegistrationNumber>
		<needPowerPoint>false</needPowerPoint>
		<driverLicenceNumber>AIA59PBG1FN</driverLicenceNumber>
		<driverName>Reece Ball</driverName>
	</record>
	<record>
		<containerID>92-198</containerID>
		<destination>Lewiston</destination>
		<origin>Castiglione di Garfagnana</origin>
		<truckRegistrationNumber>288</truckRegistrationNumber>
		<needPowerPoint>false</needPowerPoint>
		<driverLicenceNumber>TAN19PIX7MP</driverLicenceNumber>
		<driverName>Brennan Hickman</driverName>
	</record>
	<record>
		<containerID>489052</containerID>
		<destination>Hamme</destination>
		<origin>Hoshiarpur</origin>
		<truckRegistrationNumber>106</truckRegistrationNumber>
		<needPowerPoint>true</needPowerPoint>
		<driverLicenceNumber>PFM85OFT5OR</driverLicenceNumber>
		<driverName>Byron Mcintyre</driverName>
	</record>
	<record>
		<containerID>31610</containerID>
		<destination>Lörrach</destination>
		<origin>Saint-Dié-des-Vosges</origin>
		<truckRegistrationNumber>129</truckRegistrationNumber>
		<needPowerPoint>true</needPowerPoint>
		<driverLicenceNumber>RPB42PFG4UD</driverLicenceNumber>
		<driverName>Cade Serrano</driverName>
	</record>
	<record>
		<containerID>401236</containerID>
		<destination>Cuddalore</destination>
		<origin>Buxton</origin>
		<truckRegistrationNumber>253</truckRegistrationNumber>
		<needPowerPoint>true</needPowerPoint>
		<driverLicenceNumber>RIF56ZBK8TY</driverLicenceNumber>
		<driverName>Lavinia Gibson</driverName>
	</record>
	<record>
		<containerID>10375</containerID>
		<destination>Impe</destination>
		<origin>Manukau</origin>
		<truckRegistrationNumber>103</truckRegistrationNumber>
		<needPowerPoint>true</needPowerPoint>
		<driverLicenceNumber>NQX84JAR7PJ</driverLicenceNumber>
		<driverName>Tamara Norman</driverName>
	</record>
	<record>
		<containerID>31863</containerID>
		<destination>Marlborough</destination>
		<origin>Pimpri-Chinchwad</origin>
		<truckRegistrationNumber>265</truckRegistrationNumber>
		<needPowerPoint>false</needPowerPoint>
		<driverLicenceNumber>UKO44EKX1OG</driverLicenceNumber>
		<driverName>Rhea Kirkland</driverName>
	</record>
	<record>
		<containerID>45011</containerID>
		<destination>Challand-Saint-Victor</destination>
		<origin>Wetzlar</origin>
		<truckRegistrationNumber>266</truckRegistrationNumber>
		<needPowerPoint>false</needPowerPoint>
		<driverLicenceNumber>TNS54SDV7EL</driverLicenceNumber>
		<driverName>Amelia Cleveland</driverName>
	</record>
	<record>
		<containerID>455849</containerID>
		<destination>Buizingen</destination>
		<origin>San Zenone degli Ezzelini</origin>
		<truckRegistrationNumber>292</truckRegistrationNumber>
		<needPowerPoint>false</needPowerPoint>
		<driverLicenceNumber>HDX31HZR6ME</driverLicenceNumber>
		<driverName>Medge Nielsen</driverName>
	</record>
	<record>
		<containerID>G5U 5VR</containerID>
		<destination>Delitzsch</destination>
		<origin>Dipignano</origin>
		<truckRegistrationNumber>181</truckRegistrationNumber>
		<needPowerPoint>true</needPowerPoint>
		<driverLicenceNumber>FSN61SWP5RH</driverLicenceNumber>
		<driverName>Teegan Hutchinson</driverName>
	</record>
	<record>
		<containerID>4269</containerID>
		<destination>Middlesbrough</destination>
		<origin>Vauda Canavese</origin>
		<truckRegistrationNumber>232</truckRegistrationNumber>
		<needPowerPoint>true</needPowerPoint>
		<driverLicenceNumber>GUN10SLQ2IW</driverLicenceNumber>
		<driverName>Laura Johnston</driverName>
	</record>
	<record>
		<containerID>53390</containerID>
		<destination>Huntingdon</destination>
		<origin>Tongerlo</origin>
		<truckRegistrationNumber>169</truckRegistrationNumber>
		<needPowerPoint>false</needPowerPoint>
		<driverLicenceNumber>OCF85MKY7UX</driverLicenceNumber>
		<driverName>Desiree Marks</driverName>
	</record>
	<record>
		<containerID>10114</containerID>
		<destination>Drayton Valley</destination>
		<origin>San Sostene</origin>
		<truckRegistrationNumber>201</truckRegistrationNumber>
		<needPowerPoint>true</needPowerPoint>
		<driverLicenceNumber>TMA87JLB8IT</driverLicenceNumber>
		<driverName>Zeph Lloyd</driverName>
	</record>
	<record>
		<containerID>87454</containerID>
		<destination>San Giovanni la Punta</destination>
		<origin>Weißenfels</origin>
		<truckRegistrationNumber>129</truckRegistrationNumber>
		<needPowerPoint>true</needPowerPoint>
		<driverLicenceNumber>KGB26AHO2YK</driverLicenceNumber>
		<driverName>Elliott Rosa</driverName>
	</record>
	<record>
		<containerID>59935</containerID>
		<destination>Paço do Lumiar</destination>
		<origin>Tubeke Tubize</origin>
		<truckRegistrationNumber>54</truckRegistrationNumber>
		<needPowerPoint>false</needPowerPoint>
		<driverLicenceNumber>XAD72VLU2EF</driverLicenceNumber>
		<driverName>Germane Charles</driverName>
	</record>
	<record>
		<containerID>51143</containerID>
		<destination>Pugwash</destination>
		<origin>Carleton</origin>
		<truckRegistrationNumber>21</truckRegistrationNumber>
		<needPowerPoint>false</needPowerPoint>
		<driverLicenceNumber>BVL97HLJ4GG</driverLicenceNumber>
		<driverName>Daryl Beard</driverName>
	</record>
	<record>
		<containerID>95483</containerID>
		<destination>Morgex</destination>
		<origin>Eugene</origin>
		<truckRegistrationNumber>156</truckRegistrationNumber>
		<needPowerPoint>true</needPowerPoint>
		<driverLicenceNumber>SDY91ZRV9ER</driverLicenceNumber>
		<driverName>Madaline Pacheco</driverName>
	</record>
	<record>
		<containerID>T7R 9N4</containerID>
		<destination>Pointe-Claire</destination>
		<origin>Langford</origin>
		<truckRegistrationNumber>292</truckRegistrationNumber>
		<needPowerPoint>true</needPowerPoint>
		<driverLicenceNumber>VID83KVD0WC</driverLicenceNumber>
		<driverName>Athena Dawson</driverName>
	</record>
	<record>
		<containerID>BC4X 2NT</containerID>
		<destination>North Saanich</destination>
		<origin>Arsiè</origin>
		<truckRegistrationNumber>76</truckRegistrationNumber>
		<needPowerPoint>true</needPowerPoint>
		<driverLicenceNumber>LNF30DQP9YK</driverLicenceNumber>
		<driverName>Isabella Carlson</driverName>
	</record>
	<record>
		<containerID>6741</containerID>
		<destination>Cisterna di Latina</destination>
		<origin>Valparaíso de Goiás</origin>
		<truckRegistrationNumber>278</truckRegistrationNumber>
		<needPowerPoint>true</needPowerPoint>
		<driverLicenceNumber>BFW59CAE2OZ</driverLicenceNumber>
		<driverName>Kellie Robles</driverName>
	</record>
	<record>
		<containerID>41014</containerID>
		<destination>Greater Sudbury</destination>
		<origin>Toernich</origin>
		<truckRegistrationNumber>57</truckRegistrationNumber>
		<needPowerPoint>false</needPowerPoint>
		<driverLicenceNumber>PNI42PAZ8JT</driverLicenceNumber>
		<driverName>Sebastian Finch</driverName>
	</record>
	<record>
		<containerID>86114</containerID>
		<destination>Terrance</destination>
		<origin>Rixensart</origin>
		<truckRegistrationNumber>162</truckRegistrationNumber>
		<needPowerPoint>false</needPowerPoint>
		<driverLicenceNumber>JHS33XZQ7YQ</driverLicenceNumber>
		<driverName>Daphne Bonner</driverName>
	</record>
	<record>
		<containerID>71864</containerID>
		<destination>Lacombe</destination>
		<origin>Springfield</origin>
		<truckRegistrationNumber>68</truckRegistrationNumber>
		<needPowerPoint>false</needPowerPoint>
		<driverLicenceNumber>KCR11SPG8OI</driverLicenceNumber>
		<driverName>Kathleen Valdez</driverName>
	</record>
	<record>
		<containerID>57-746</containerID>
		<destination>Bolsward</destination>
		<origin>Eugene</origin>
		<truckRegistrationNumber>245</truckRegistrationNumber>
		<needPowerPoint>false</needPowerPoint>
		<driverLicenceNumber>PZH89MIQ9DZ</driverLicenceNumber>
		<driverName>Philip Estes</driverName>
	</record>
	<record>
		<containerID>632008</containerID>
		<destination>Arsimont</destination>
		<origin>St. Asaph</origin>
		<truckRegistrationNumber>247</truckRegistrationNumber>
		<needPowerPoint>true</needPowerPoint>
		<driverLicenceNumber>OUG86PCD2FG</driverLicenceNumber>
		<driverName>Brittany Sosa</driverName>
	</record>
	<record>
		<containerID>75379</containerID>
		<destination>Galvarino</destination>
		<origin>Nanton</origin>
		<truckRegistrationNumber>174</truckRegistrationNumber>
		<needPowerPoint>true</needPowerPoint>
		<driverLicenceNumber>MGJ78KVY2HW</driverLicenceNumber>
		<driverName>Hammett Lopez</driverName>
	</record>
	<record>
		<containerID>1533</containerID>
		<destination>Serskamp</destination>
		<origin>Asbestos</origin>
		<truckRegistrationNumber>34</truckRegistrationNumber>
		<needPowerPoint>true</needPowerPoint>
		<driverLicenceNumber>LRP90PER6HR</driverLicenceNumber>
		<driverName>Eugenia Lane</driverName>
	</record>
	<record>
		<containerID>519932</containerID>
		<destination>Leval-Chaudeville</destination>
		<origin>De Klinge</origin>
		<truckRegistrationNumber>40</truckRegistrationNumber>
		<needPowerPoint>true</needPowerPoint>
		<driverLicenceNumber>KPG74BHD4MW</driverLicenceNumber>
		<driverName>Pamela Nelson</driverName>
	</record>
	<record>
		<containerID>51613</containerID>
		<destination>Sulzbach</destination>
		<origin>Avennes</origin>
		<truckRegistrationNumber>274</truckRegistrationNumber>
		<needPowerPoint>false</needPowerPoint>
		<driverLicenceNumber>OZK06SNC4DZ</driverLicenceNumber>
		<driverName>Sylvester Eaton</driverName>
	</record>
	<record>
		<containerID>94160-522</containerID>
		<destination>Memphis</destination>
		<origin>Bertogne</origin>
		<truckRegistrationNumber>134</truckRegistrationNumber>
		<needPowerPoint>false</needPowerPoint>
		<driverLicenceNumber>IXC73NOH1JC</driverLicenceNumber>
		<driverName>Maggy York</driverName>
	</record>
	<record>
		<containerID>5071</containerID>
		<destination>Enna</destination>
		<origin>Sant'Agata sul Santerno</origin>
		<truckRegistrationNumber>126</truckRegistrationNumber>
		<needPowerPoint>false</needPowerPoint>
		<driverLicenceNumber>XCB29GVF7ZK</driverLicenceNumber>
		<driverName>Mohammad Cummings</driverName>
	</record>
	<record>
		<containerID>81-581</containerID>
		<destination>Bridgwater</destination>
		<origin>Courcelles</origin>
		<truckRegistrationNumber>232</truckRegistrationNumber>
		<needPowerPoint>true</needPowerPoint>
		<driverLicenceNumber>HHJ44SZK6PM</driverLicenceNumber>
		<driverName>Emi Fulton</driverName>
	</record>
	<record>
		<containerID>5231</containerID>
		<destination>Sobral</destination>
		<origin>Saint-L�onard</origin>
		<truckRegistrationNumber>218</truckRegistrationNumber>
		<needPowerPoint>true</needPowerPoint>
		<driverLicenceNumber>ECN44COI9DZ</driverLicenceNumber>
		<driverName>Walker Hendrix</driverName>
	</record>
	<record>
		<containerID>49452</containerID>
		<destination>Cavaion Veronese</destination>
		<origin>Long Eaton</origin>
		<truckRegistrationNumber>203</truckRegistrationNumber>
		<needPowerPoint>false</needPowerPoint>
		<driverLicenceNumber>IKY48BZC0AJ</driverLicenceNumber>
		<driverName>Nicholas Gross</driverName>
	</record>
	<record>
		<containerID>40405</containerID>
		<destination>Andenne</destination>
		<origin>St. Austell</origin>
		<truckRegistrationNumber>275</truckRegistrationNumber>
		<needPowerPoint>false</needPowerPoint>
		<driverLicenceNumber>EEB22IDS6WY</driverLicenceNumber>
		<driverName>Jelani Woodard</driverName>
	</record>
	<record>
		<containerID>31708</containerID>
		<destination>Tarsia</destination>
		<origin>Invergordon</origin>
		<truckRegistrationNumber>20</truckRegistrationNumber>
		<needPowerPoint>true</needPowerPoint>
		<driverLicenceNumber>PAV31XAT0OT</driverLicenceNumber>
		<driverName>Quamar Larson</driverName>
	</record>
	<record>
		<containerID>45721</containerID>
		<destination>Vancouver</destination>
		<origin>Saguenay</origin>
		<truckRegistrationNumber>38</truckRegistrationNumber>
		<needPowerPoint>false</needPowerPoint>
		<driverLicenceNumber>VXG00DWB4LO</driverLicenceNumber>
		<driverName>Brock Washington</driverName>
	</record>
	<record>
		<containerID>1993SE</containerID>
		<destination>Giustino</destination>
		<origin>Montebello sul Sangro</origin>
		<truckRegistrationNumber>22</truckRegistrationNumber>
		<needPowerPoint>true</needPowerPoint>
		<driverLicenceNumber>PKD79GTC3JN</driverLicenceNumber>
		<driverName>Rinah Sharp</driverName>
	</record>
	<record>
		<containerID>40103</containerID>
		<destination>Machilipatnam</destination>
		<origin>Pitrufquén</origin>
		<truckRegistrationNumber>144</truckRegistrationNumber>
		<needPowerPoint>false</needPowerPoint>
		<driverLicenceNumber>OGS74ZTD7AO</driverLicenceNumber>
		<driverName>Dennis Olsen</driverName>
	</record>
	<record>
		<containerID>40617</containerID>
		<destination>Santa Coloma de Gramenet</destination>
		<origin>Malle</origin>
		<truckRegistrationNumber>144</truckRegistrationNumber>
		<needPowerPoint>true</needPowerPoint>
		<driverLicenceNumber>RHX35BET0YG</driverLicenceNumber>
		<driverName>Cassandra Mcdonald</driverName>
	</record>
	<record>
		<containerID>3514</containerID>
		<destination>Des Moines</destination>
		<origin>Sart-Dames-Avelines</origin>
		<truckRegistrationNumber>137</truckRegistrationNumber>
		<needPowerPoint>true</needPowerPoint>
		<driverLicenceNumber>LAD86DFK2AH</driverLicenceNumber>
		<driverName>Ross Ray</driverName>
	</record>
	<record>
		<containerID>C2J 1Y2</containerID>
		<destination>Dalcahue</destination>
		<origin>Sonipat</origin>
		<truckRegistrationNumber>259</truckRegistrationNumber>
		<needPowerPoint>true</needPowerPoint>
		<driverLicenceNumber>HEQ87UYP7SP</driverLicenceNumber>
		<driverName>Olga Gilmore</driverName>
	</record>
	<record>
		<containerID>M2S 9E7</containerID>
		<destination>Laives/Leifers</destination>
		<origin>Scala Coeli</origin>
		<truckRegistrationNumber>48</truckRegistrationNumber>
		<needPowerPoint>true</needPowerPoint>
		<driverLicenceNumber>WYO16RMA8NK</driverLicenceNumber>
		<driverName>Barry Banks</driverName>
	</record>
	<record>
		<containerID>53589-562</containerID>
		<destination>Cerreto di Spoleto</destination>
		<origin>Kortrijk</origin>
		<truckRegistrationNumber>71</truckRegistrationNumber>
		<needPowerPoint>false</needPowerPoint>
		<driverLicenceNumber>DYD38TWV7YK</driverLicenceNumber>
		<driverName>Evan Potts</driverName>
	</record>
	<record>
		<containerID>99494</containerID>
		<destination>Oldenburg</destination>
		<origin>Broxburn</origin>
		<truckRegistrationNumber>162</truckRegistrationNumber>
		<needPowerPoint>true</needPowerPoint>
		<driverLicenceNumber>TNZ04HHH4QJ</driverLicenceNumber>
		<driverName>Bianca Mccray</driverName>
	</record>
	<record>
		<containerID>QX1 3RT</containerID>
		<destination>Rio nell'Elba</destination>
		<origin>Meldert</origin>
		<truckRegistrationNumber>135</truckRegistrationNumber>
		<needPowerPoint>false</needPowerPoint>
		<driverLicenceNumber>VWL60DTD8XK</driverLicenceNumber>
		<driverName>Raja Ortega</driverName>
	</record>
	<record>
		<containerID>67120-497</containerID>
		<destination>Panketal</destination>
		<origin>Redlands</origin>
		<truckRegistrationNumber>168</truckRegistrationNumber>
		<needPowerPoint>false</needPowerPoint>
		<driverLicenceNumber>KPP01VXZ4ZH</driverLicenceNumber>
		<driverName>Courtney Fisher</driverName>
	</record>
	<record>
		<containerID>67208</containerID>
		<destination>Chartres</destination>
		<origin>Rodengo/Rodeneck</origin>
		<truckRegistrationNumber>182</truckRegistrationNumber>
		<needPowerPoint>true</needPowerPoint>
		<driverLicenceNumber>DDB93WCC5HT</driverLicenceNumber>
		<driverName>Arden Merrill</driverName>
	</record>
	<record>
		<containerID>7433</containerID>
		<destination>Houthalen-Helchteren</destination>
		<origin>Monceau-Imbrechies</origin>
		<truckRegistrationNumber>299</truckRegistrationNumber>
		<needPowerPoint>false</needPowerPoint>
		<driverLicenceNumber>GLQ09LSX2SI</driverLicenceNumber>
		<driverName>Preston Porter</driverName>
	</record>
	<record>
		<containerID>746239</containerID>
		<destination>Pitt Meadows</destination>
		<origin>Dave</origin>
		<truckRegistrationNumber>149</truckRegistrationNumber>
		<needPowerPoint>true</needPowerPoint>
		<driverLicenceNumber>NHL63XJL9UI</driverLicenceNumber>
		<driverName>Talon Trujillo</driverName>
	</record>
	<record>
		<containerID>999556</containerID>
		<destination>Pelago</destination>
		<origin>Roxboro</origin>
		<truckRegistrationNumber>50</truckRegistrationNumber>
		<needPowerPoint>true</needPowerPoint>
		<driverLicenceNumber>MEB47PPE8RF</driverLicenceNumber>
		<driverName>Chancellor Rosales</driverName>
	</record>
	<record>
		<containerID>45213</containerID>
		<destination>Lincoln</destination>
		<origin>Bois-de-Villers</origin>
		<truckRegistrationNumber>168</truckRegistrationNumber>
		<needPowerPoint>false</needPowerPoint>
		<driverLicenceNumber>TDR67XFU3UL</driverLicenceNumber>
		<driverName>Diana Fuentes</driverName>
	</record>
	<record>
		<containerID>734307</containerID>
		<destination>Stourbridge</destination>
		<origin>South Burlington</origin>
		<truckRegistrationNumber>144</truckRegistrationNumber>
		<needPowerPoint>false</needPowerPoint>
		<driverLicenceNumber>XZB15WWO0VF</driverLicenceNumber>
		<driverName>Martina Townsend</driverName>
	</record>
	<record>
		<containerID>548444</containerID>
		<destination>Provost</destination>
		<origin>Carbonear</origin>
		<truckRegistrationNumber>161</truckRegistrationNumber>
		<needPowerPoint>true</needPowerPoint>
		<driverLicenceNumber>PUX80NMD5GR</driverLicenceNumber>
		<driverName>Akeem Buckner</driverName>
	</record>
	<record>
		<containerID>28066</containerID>
		<destination>Wekweti</destination>
		<origin>Oldenburg</origin>
		<truckRegistrationNumber>73</truckRegistrationNumber>
		<needPowerPoint>true</needPowerPoint>
		<driverLicenceNumber>SWJ34RGP6JY</driverLicenceNumber>
		<driverName>Lacota Gibson</driverName>
	</record>
	<record>
		<containerID>8465NK</containerID>
		<destination>Penhold</destination>
		<origin>Racine</origin>
		<truckRegistrationNumber>62</truckRegistrationNumber>
		<needPowerPoint>false</needPowerPoint>
		<driverLicenceNumber>JMV65SQL3DX</driverLicenceNumber>
		<driverName>Finn Estes</driverName>
	</record>
	<record>
		<containerID>1329</containerID>
		<destination>Cerrillos</destination>
		<origin>Port Pirie</origin>
		<truckRegistrationNumber>49</truckRegistrationNumber>
		<needPowerPoint>true</needPowerPoint>
		<driverLicenceNumber>ATL04WQX7GU</driverLicenceNumber>
		<driverName>Joshua Phillips</driverName>
	</record>
	<record>
		<containerID>89-286</containerID>
		<destination>Scanzano Jonico</destination>
		<origin>Diyarbakır</origin>
		<truckRegistrationNumber>231</truckRegistrationNumber>
		<needPowerPoint>true</needPowerPoint>
		<driverLicenceNumber>FRM06ZVX7XJ</driverLicenceNumber>
		<driverName>Erin Frost</driverName>
	</record>
	<record>
		<containerID>240650</containerID>
		<destination>Vetlanda</destination>
		<origin>Ghaziabad</origin>
		<truckRegistrationNumber>188</truckRegistrationNumber>
		<needPowerPoint>true</needPowerPoint>
		<driverLicenceNumber>IFQ98DYM1CM</driverLicenceNumber>
		<driverName>Cleo Pope</driverName>
	</record>
	<record>
		<containerID>28075</containerID>
		<destination>Sparwood</destination>
		<origin>Haverfordwest</origin>
		<truckRegistrationNumber>187</truckRegistrationNumber>
		<needPowerPoint>true</needPowerPoint>
		<driverLicenceNumber>QVH26OSU3ZS</driverLicenceNumber>
		<driverName>Zelda Suarez</driverName>
	</record>
	<record>
		<containerID>XB1 3BO</containerID>
		<destination>Coupar Angus</destination>
		<origin>Jodoigne-Souveraine</origin>
		<truckRegistrationNumber>62</truckRegistrationNumber>
		<needPowerPoint>true</needPowerPoint>
		<driverLicenceNumber>GHC84QXC8AU</driverLicenceNumber>
		<driverName>Georgia Hawkins</driverName>
	</record>
	<record>
		<containerID>75-394</containerID>
		<destination>Annone di Brianza</destination>
		<origin>Essene</origin>
		<truckRegistrationNumber>50</truckRegistrationNumber>
		<needPowerPoint>false</needPowerPoint>
		<driverLicenceNumber>PWM29YAP3TC</driverLicenceNumber>
		<driverName>Faith Campos</driverName>
	</record>
	<record>
		<containerID>6735</containerID>
		<destination>Gaithersburg</destination>
		<origin>Augusta</origin>
		<truckRegistrationNumber>74</truckRegistrationNumber>
		<needPowerPoint>true</needPowerPoint>
		<driverLicenceNumber>CUU51YRM3LI</driverLicenceNumber>
		<driverName>Asher Witt</driverName>
	</record>
	<record>
		<containerID>58959</containerID>
		<destination>Tailles</destination>
		<origin>Imphal</origin>
		<truckRegistrationNumber>278</truckRegistrationNumber>
		<needPowerPoint>true</needPowerPoint>
		<driverLicenceNumber>QQX62EIH1OC</driverLicenceNumber>
		<driverName>Hayden Munoz</driverName>
	</record>
	<record>
		<containerID>51302</containerID>
		<destination>Harelbeke</destination>
		<origin>Oosterhout</origin>
		<truckRegistrationNumber>4</truckRegistrationNumber>
		<needPowerPoint>false</needPowerPoint>
		<driverLicenceNumber>CUZ35BCF0IP</driverLicenceNumber>
		<driverName>Hadley Cox</driverName>
	</record>
	<record>
		<containerID>12-334</containerID>
		<destination>Linton</destination>
		<origin>Pogliano Milanese</origin>
		<truckRegistrationNumber>238</truckRegistrationNumber>
		<needPowerPoint>false</needPowerPoint>
		<driverLicenceNumber>MOU45FIL1VS</driverLicenceNumber>
		<driverName>Dominique Mccarty</driverName>
	</record>
	<record>
		<containerID>60616</containerID>
		<destination>Perquenco</destination>
		<origin>Avernas-le-Bauduin</origin>
		<truckRegistrationNumber>119</truckRegistrationNumber>
		<needPowerPoint>false</needPowerPoint>
		<driverLicenceNumber>SXB60KRZ9NL</driverLicenceNumber>
		<driverName>Ann Fernandez</driverName>
	</record>
	<record>
		<containerID>8640</containerID>
		<destination>Bolzano/Bozen</destination>
		<origin>San Rafael</origin>
		<truckRegistrationNumber>194</truckRegistrationNumber>
		<needPowerPoint>false</needPowerPoint>
		<driverLicenceNumber>HKE18MWA9IE</driverLicenceNumber>
		<driverName>Ruby Colon</driverName>
	</record>
	<record>
		<containerID>7576</containerID>
		<destination>Mattersburg</destination>
		<origin>Kingussie</origin>
		<truckRegistrationNumber>54</truckRegistrationNumber>
		<needPowerPoint>true</needPowerPoint>
		<driverLicenceNumber>GBQ81GIZ1IE</driverLicenceNumber>
		<driverName>Orson Lang</driverName>
	</record>
	<record>
		<containerID>49894</containerID>
		<destination>Lautaro</destination>
		<origin>Boston</origin>
		<truckRegistrationNumber>189</truckRegistrationNumber>
		<needPowerPoint>false</needPowerPoint>
		<driverLicenceNumber>NJJ17BXH6UP</driverLicenceNumber>
		<driverName>Dylan Carter</driverName>
	</record>
	<record>
		<containerID>I87 4DL</containerID>
		<destination>Morgex</destination>
		<origin>Birmingham</origin>
		<truckRegistrationNumber>257</truckRegistrationNumber>
		<needPowerPoint>false</needPowerPoint>
		<driverLicenceNumber>ZNV38RSE9JV</driverLicenceNumber>
		<driverName>Emerson Gray</driverName>
	</record>
	<record>
		<containerID>86554</containerID>
		<destination>Kapuskasing</destination>
		<origin>Whitburn</origin>
		<truckRegistrationNumber>212</truckRegistrationNumber>
		<needPowerPoint>true</needPowerPoint>
		<driverLicenceNumber>AIL03VUA9BZ</driverLicenceNumber>
		<driverName>Ezra Adams</driverName>
	</record>
	<record>
		<containerID>2366</containerID>
		<destination>El Quisco</destination>
		<origin>Kendal</origin>
		<truckRegistrationNumber>257</truckRegistrationNumber>
		<needPowerPoint>true</needPowerPoint>
		<driverLicenceNumber>TDP73IPI8WW</driverLicenceNumber>
		<driverName>Zenaida Thornton</driverName>
	</record>
	<record>
		<containerID>1357</containerID>
		<destination>Cerchio</destination>
		<origin>Cortil-Noirmont</origin>
		<truckRegistrationNumber>230</truckRegistrationNumber>
		<needPowerPoint>true</needPowerPoint>
		<driverLicenceNumber>OKT89VBL3WE</driverLicenceNumber>
		<driverName>Hilel Rosario</driverName>
	</record>
	<record>
		<containerID>4389</containerID>
		<destination>Stalhille</destination>
		<origin>Wandre</origin>
		<truckRegistrationNumber>23</truckRegistrationNumber>
		<needPowerPoint>false</needPowerPoint>
		<driverLicenceNumber>DZK21QPD0GT</driverLicenceNumber>
		<driverName>Ria Mcdonald</driverName>
	</record>
	<record>
		<containerID>2512ZP</containerID>
		<destination>Bras</destination>
		<origin>Los Angeles</origin>
		<truckRegistrationNumber>232</truckRegistrationNumber>
		<needPowerPoint>false</needPowerPoint>
		<driverLicenceNumber>CNE09OXQ8TG</driverLicenceNumber>
		<driverName>Colette Hinton</driverName>
	</record>
	<record>
		<containerID>99-259</containerID>
		<destination>Arrah</destination>
		<origin>Cedar Rapids</origin>
		<truckRegistrationNumber>252</truckRegistrationNumber>
		<needPowerPoint>true</needPowerPoint>
		<driverLicenceNumber>ZRL91VPS7RV</driverLicenceNumber>
		<driverName>Kai Sharp</driverName>
	</record>
	<record>
		<containerID>34911</containerID>
		<destination>Ciplet</destination>
		<origin>Bergisch Gladbach</origin>
		<truckRegistrationNumber>262</truckRegistrationNumber>
		<needPowerPoint>false</needPowerPoint>
		<driverLicenceNumber>JYS75RQC2JQ</driverLicenceNumber>
		<driverName>Mercedes Bean</driverName>
	</record>
	<record>
		<containerID>54547</containerID>
		<destination>Baardegem</destination>
		<origin>Fort Simpson</origin>
		<truckRegistrationNumber>58</truckRegistrationNumber>
		<needPowerPoint>false</needPowerPoint>
		<driverLicenceNumber>SLE06IYN9ZK</driverLicenceNumber>
		<driverName>Adrienne Aguirre</driverName>
	</record>
	<record>
		<containerID>89-840</containerID>
		<destination>Toulon</destination>
		<origin>Racine</origin>
		<truckRegistrationNumber>4</truckRegistrationNumber>
		<needPowerPoint>false</needPowerPoint>
		<driverLicenceNumber>SVV53WFO1MP</driverLicenceNumber>
		<driverName>Chloe Duffy</driverName>
	</record>
	<record>
		<containerID>32-030</containerID>
		<destination>Wetaskiwin</destination>
		<origin>Ch‰tillon</origin>
		<truckRegistrationNumber>156</truckRegistrationNumber>
		<needPowerPoint>false</needPowerPoint>
		<driverLicenceNumber>HSK98YYK6XW</driverLicenceNumber>
		<driverName>Quintessa Best</driverName>
	</record>
	<record>
		<containerID>89244</containerID>
		<destination>Chesapeake</destination>
		<origin>Baton Rouge</origin>
		<truckRegistrationNumber>253</truckRegistrationNumber>
		<needPowerPoint>true</needPowerPoint>
		<driverLicenceNumber>RJW19QRA4GF</driverLicenceNumber>
		<driverName>Joy Harrington</driverName>
	</record>
</records>