﻿<?xml version="1.0" encoding="UTF-8" ?><records>
	<record>
		<containerID>808415</containerID>
		<destination>Darıca</destination>
		<origin>Budaun</origin>
		<truckRegistrationNumber>14</truckRegistrationNumber>
		<needPowerPoint>true</needPowerPoint>
		<driverLicenceNumber>QTT55JHG0KUFKYJXSURJZBACZDCQDGEFSKIQSNVEUPTKQNGLEVPWIXGABTWSQDKSJBRQBBGRIJLPXKBMLTJFUDRXEHIUMSEBSSMKGBNKZCKCFVUOLNJXGTSLSSEWUAKROKGSBCHNGHUMCMUBCLUCYEGFQCVRIXEHAEUPCDVREBAKM</driverLicenceNumber>
		<driverName>Callum Edwards</driverName>
	</record>
	<record>
		<containerID>7966PK</containerID>
		<destination>Dogelis</destination>
		<origin>Montecarotto</origin>
		<truckRegistrationNumber>268</truckRegistrationNumber>
		<needPowerPoint>false</needPowerPoint>
		<driverLicenceNumber>QYX49HSQ1KRDHNFRFVDWTDIXGTGTEFKBVXHPDJSLHZXSBUMXNWVALAELIONXNLJAMZBWPFTADKBHGKOFWBDETMLZBCCMYCASZYWMDVCUNGQWZUGZUKNGBCTFPATJNYBKWGKXWRHLLCNASEHCGBWTSKGZQWPEYOQDDMLBMAIBGADIB</driverLicenceNumber>
		<driverName>Gannon Gallagher</driverName>
	</record>
	<record>
		<containerID>31593</containerID>
		<destination>Ambala</destination>
		<origin>Grezzana</origin>
		<truckRegistrationNumber>44</truckRegistrationNumber>
		<needPowerPoint>true</needPowerPoint>
		<driverLicenceNumber>YVI24ZMP6NZKWPCVGFVBXIFWUATEREWAGCAIGIYITZTCMOLLXDXWDBWGJNFCGMKXAQCPMGTSZUXOQHQEFMJDZVMCPJOHUOXEUAUUWWVBGKBHMRTBQFHNFKWTTXGCYZJARVHWHLKBZMKSHSXLZCKHRVANUKUDWGMRSFCPSVZIBLQRI</driverLicenceNumber>
		<driverName>Francis Jackson</driverName>
	</record>
	<record>
		<containerID>3847</containerID>
		<destination>Winterswijk</destination>
		<origin>Wichita</origin>
		<truckRegistrationNumber>273</truckRegistrationNumber>
		<needPowerPoint>false</needPowerPoint>
		<driverLicenceNumber>CXA90GUQ1ZVBONZYJZXAYGDFTRSJECEQGMOGPFGNJGTLKJQCKBHHBYIMMBWMMVMSAQRJXFUHBJXPABGSDIITDFKDZLODNAVOTQUZKWFBENXFHMVOSNQWABVYEVPIFWRECYHNZAKZSVPLTENTTJLRMMELJWXIKFUEEDOTOQIRKPEQK</driverLicenceNumber>
		<driverName>Ferdinand Nieves</driverName>
	</record>
	<record>
		<containerID>U0 7NE</containerID>
		<destination>Gölcük</destination>
		<origin>Blind River</origin>
		<truckRegistrationNumber>14</truckRegistrationNumber>
		<needPowerPoint>false</needPowerPoint>
		<driverLicenceNumber>MOP60FHA5YMQXOEPJALOJBZDGUDVQQLYSDYEWTJNNPJECFYRSDJWQGZRGEHMZQDOHKFRFRGUZSSMDVRIGHRABIQRAMHPMTMBPUWMSCYDZLTXWHAULAOESPEZNLIBRTJUKESILIAYENESDOGGHKCYHCJRIHEMBAVHGVQWBVEXAYTIA</driverLicenceNumber>
		<driverName>Avram Haney</driverName>
	</record>
	<record>
		<containerID>15082-110</containerID>
		<destination>Mobile</destination>
		<origin>Vremde</origin>
		<truckRegistrationNumber>65</truckRegistrationNumber>
		<needPowerPoint>false</needPowerPoint>
		<driverLicenceNumber>CCD81LLQ6PECRGXXUKZBGNBHASNCHFQJNWREJHNFJWXWCFOPXPNHTVLQLKJVYZCROUXNGWHOOZTBBLZELKNVROXEFPYBUIFXBSXEMLJEHPGRZSAFMIPJHXLXTZZLPKMWAOBOTLRUQUAJJBFBYCVAIODIDYYSHKJHAPIDGJIJZYZKG</driverLicenceNumber>
		<driverName>Sybill Nieves</driverName>
	</record>
	<record>
		<containerID>30100</containerID>
		<destination>Port Alice</destination>
		<origin>Puerto Octay</origin>
		<truckRegistrationNumber>249</truckRegistrationNumber>
		<needPowerPoint>false</needPowerPoint>
		<driverLicenceNumber>KZN72GNX6LDMFSCSAQPXEKDTJAVYOQVVXHVYIREIBABPSPZNRRYGFPLARECYEWRUOVHXZGQOBCLGQODBIQFRFOVFAEVHBLLAGPARODUEUBPOYRLRWNHPXKGBWRGAVOCBKZTDYHNRDZWIAZQJGVJQQLAIGXGFUVIZLGETNBMVTSFTL</driverLicenceNumber>
		<driverName>Coby Collier</driverName>
	</record>
	<record>
		<containerID>069541</containerID>
		<destination>Ibadan</destination>
		<origin>Moose Jaw</origin>
		<truckRegistrationNumber>231</truckRegistrationNumber>
		<needPowerPoint>true</needPowerPoint>
		<driverLicenceNumber>GJA47PSR7SMFASZUBVHEKKBPNNMLWHOKNQPDZTYDXSSXNBPYJRAVJKMIIPLPQRHTUNICYLYMJVHHSDIXOSXXTKSUBRRBEILTZZRYDGOEYEABTKNDQECWTUNXNYOGZIAKZCMYEPHLCSXBZDFZBFOPXLMHNSCCPZOVBUWZOTRZIWWDN</driverLicenceNumber>
		<driverName>Avram Becker</driverName>
	</record>
	<record>
		<containerID>63216</containerID>
		<destination>Koblenz</destination>
		<origin>Gießen</origin>
		<truckRegistrationNumber>216</truckRegistrationNumber>
		<needPowerPoint>false</needPowerPoint>
		<driverLicenceNumber>NFO51BXN3EIOBCTAOWGOFMNMEMTWNXHVJZTHFGBTWIXGYTMQBXCBCUKMCXXNNZQTRGLHIXOCBMDHPLJZEGWNEZJMGLGIOYSOWPSAMMBASOYPYSBGSMKJNOAQQEZRIZHZTNCPXDTTRZEGKAXKKJFXAQQBEDBXVNSSCYKOVAMSTGYQW</driverLicenceNumber>
		<driverName>Beverly Sawyer</driverName>
	</record>
	<record>
		<containerID>84237</containerID>
		<destination>Faisalabad</destination>
		<origin>Pictou</origin>
		<truckRegistrationNumber>291</truckRegistrationNumber>
		<needPowerPoint>true</needPowerPoint>
		<driverLicenceNumber>BDQ16PYR3PVXBKSZRQQLBPJUKLWGHNOHEJOZOUFFRTLMMIUHVINBBIOVCEXRTMMYNFPTFODMCYDFAOOEQWMNCQFSQVXCSOWJWTTJFTHPBFOYFXBZWKGHJWODYPIRPGFMNJHINQMSSBXDKXTFFYCNVDXGFVUQOEWTNFHGBXSUQMRMH</driverLicenceNumber>
		<driverName>Noah Spence</driverName>
	</record>
	<record>
		<containerID>Z3 5YI</containerID>
		<destination>North Shore</destination>
		<origin>Radom</origin>
		<truckRegistrationNumber>93</truckRegistrationNumber>
		<needPowerPoint>false</needPowerPoint>
		<driverLicenceNumber>JTK64DSW8SXREFLXVLOAGFWTADEEHCFRWZOKGUOTSPMKUATWIIEVTEYUFORLQMACMVVRLZNMEUHOZJXZWAQXLZHPNZWHJKAQPHZTISDGPHUYJPITETTPMMMDQFRYBNPQQESBOBNZIAQVNGZYVOSJGPALQQJPFLKJFBCDOEGORIHUU</driverLicenceNumber>
		<driverName>Signe Miranda</driverName>
	</record>
	<record>
		<containerID>40166</containerID>
		<destination>Bierges</destination>
		<origin>Jackson</origin>
		<truckRegistrationNumber>192</truckRegistrationNumber>
		<needPowerPoint>true</needPowerPoint>
		<driverLicenceNumber>NAY36BWN9RDEFNFYXZCDADBVJRTYHNSKSSQKWLWFIVMASTLZTUZYUHGGRNNUOQYIFSEJYLILBMCOEKBVKCERNKBRONNAOTZOGRIBPAPNOGTPUOPKANPLENFCZGTYLFSOGVETOFVAAAVZPRCRJBNKDRCCHNKWNAERORYFSVAVXGRVS</driverLicenceNumber>
		<driverName>Dawn Madden</driverName>
	</record>
	<record>
		<containerID>E9N 3J2</containerID>
		<destination>Deschambault</destination>
		<origin>Adelaide</origin>
		<truckRegistrationNumber>195</truckRegistrationNumber>
		<needPowerPoint>false</needPowerPoint>
		<driverLicenceNumber>LND01RZQ2SRDOPKDZTXOEXRPVEKDZHTBOIPXNPUMPEDUPAWZJCOCGSDFRXJYDIDOPBMQWRZCZPPGOPAXZFYXAVKYAMREWQPPDETPWWBRIEHPCIUPBIJRVWTQBBGDOKMORGVSIYIZWDZOYJPSWXULZZSHQDEPUAIWVYRIKHLNVUCSZ</driverLicenceNumber>
		<driverName>Travis Gross</driverName>
	</record>
	<record>
		<containerID>A1A 1X9</containerID>
		<destination>Renfrew</destination>
		<origin>Maranguape</origin>
		<truckRegistrationNumber>250</truckRegistrationNumber>
		<needPowerPoint>false</needPowerPoint>
		<driverLicenceNumber>EEH87DTE0WXMXJUXHRNAYTLITOJOGWHLYSRORHKOFIHRZAHIRENLIFVSGWCPRVAPOVJGYAWMBWFINFXTFGOYNIIUYBWHLRQATPQRTECOSNHBGYMWKSNIVEINORUGNTZFJSWDBZRCGMDEBRWVJPXUJQQJIMZPCEWHPXHATVPDGQTAJ</driverLicenceNumber>
		<driverName>Penelope Young</driverName>
	</record>
	<record>
		<containerID>619063</containerID>
		<destination>Rothesay</destination>
		<origin>Rock Springs</origin>
		<truckRegistrationNumber>249</truckRegistrationNumber>
		<needPowerPoint>false</needPowerPoint>
		<driverLicenceNumber>JCY35ZOL0BOTJKSCIQHKUGIMRIPURUULQISINLHQTUPTEOMTDNWLFVHZOWGKOJXHGEUOOUCQWPYMOOHGFEJEFIPQWIRCPANZANOJWUFNDFRAECVGFFTVARJCRRYQTLNZHVQMHRSGPBQPWFTOJXVZKWTTHGPXUQLACWVXCMYTHIWTS</driverLicenceNumber>
		<driverName>Vance Delacruz</driverName>
	</record>
	<record>
		<containerID>2184</containerID>
		<destination>Montignies-sur-Sambre</destination>
		<origin>Nairn</origin>
		<truckRegistrationNumber>252</truckRegistrationNumber>
		<needPowerPoint>true</needPowerPoint>
		<driverLicenceNumber>NZO78LUO0VOZUITSQVYAKZQVNKLQSFVZTOPYRBTEKNJLUVEFVFPDQDZKJVBDEVKPHIJGDJUGVANDXGIWTDGDDBCAZYVNCQRIPHCDMMQSRVBXVRGDJHAAANIYPWZHTVTJRFHTLOQWAGHFSJUASUHNSBQATYYINJDPJTANHLXSZYKSU</driverLicenceNumber>
		<driverName>Lareina Jefferson</driverName>
	</record>
	<record>
		<containerID>38815</containerID>
		<destination>Ruisbroek</destination>
		<origin>Chañaral</origin>
		<truckRegistrationNumber>178</truckRegistrationNumber>
		<needPowerPoint>false</needPowerPoint>
		<driverLicenceNumber>TQA54ZLR4HIRIIHGTZGCEPKBQSPAHBOJOLQOUUOXFONTQDBUKUSOOBTNQFLVCMYIGKUUJMLXLIHJYYTZJMEKQEEZJYCNFBHRKALVEBBSXMBZVZDDQDWFDSZEVZVJRKGTDEBETIWXZPBUFLZSKPHHINUTSHYHKRQHBANVCGNWQUPXK</driverLicenceNumber>
		<driverName>Jescie Tate</driverName>
	</record>
	<record>
		<containerID>271361</containerID>
		<destination>Weyburn</destination>
		<origin>Cottbus</origin>
		<truckRegistrationNumber>64</truckRegistrationNumber>
		<needPowerPoint>false</needPowerPoint>
		<driverLicenceNumber>XJS18BXI4SNLMXLDEROICRUVDNIMTYHHNFJIIUNHMPHKSPGMAADMLYZTBKSNXLQKTADTRGJUQMHHNUHDXJJSUMZUNAUZOYACVMXHUNZDAWMFIYDBQEQLVYMSFRGWFASYDPIXJCATAAAPUBKNYLKWOPPPXYIZOXNSEWFORLBKIJRPQ</driverLicenceNumber>
		<driverName>Stella Bishop</driverName>
	</record>
	<record>
		<containerID>55888</containerID>
		<destination>Kapuskasing</destination>
		<origin>Putignano</origin>
		<truckRegistrationNumber>200</truckRegistrationNumber>
		<needPowerPoint>true</needPowerPoint>
		<driverLicenceNumber>ZAH85YFV7QVJNOWAAOWONFXFAVZIQKQMURYGUREHARGOWUUMYSQQAWCXFKJMPPHVRARFKHXSGOYENWZTLRRJAURTITSFAYYAAEBTRNCFEUAWHOGKMUPLDGTZUWBMLWYMTSVGTDCUTUSADTCVXFFKAFYCCJSECPXVGLRIFHFIQPEUZ</driverLicenceNumber>
		<driverName>Whitney Cunningham</driverName>
	</record>
	<record>
		<containerID>E3I 2ZM</containerID>
		<destination>Longvilly</destination>
		<origin>Colledimacine</origin>
		<truckRegistrationNumber>34</truckRegistrationNumber>
		<needPowerPoint>true</needPowerPoint>
		<driverLicenceNumber>APZ18JTK3LKCPDFAXPNTHPLDPYHXRJEZREUZZMBICCKPVTTIKEVJBSIGEOOJYHAISOEVUOJLCAHGQPOSVLBSUWRUFRVQPDSCHRVQOQUMPEPQGZUPNRZLUFATHIHVWIEAKYNFPEGXNFUUZTYTBIDBLDFVYXNSTAWQYGDXIIOXDADIL</driverLicenceNumber>
		<driverName>Charles Haney</driverName>
	</record>
	<record>
		<containerID>N16 6ZR</containerID>
		<destination>Blumenau</destination>
		<origin>Garbsen</origin>
		<truckRegistrationNumber>23</truckRegistrationNumber>
		<needPowerPoint>false</needPowerPoint>
		<driverLicenceNumber>EVE68NBW5WBSXHRHHQMYLZRUGNPMODWJHWOCZILRMDXLOIKJFXGMWQCSBMYSRGHNLKGWVYCJFDVSDUHNDHGPTTPLCTBPXQKTSSEETVGHYBYRYAVUJZKFEOKDVLFNDUNLIGYTGRHMKODYMZPZNGXGAPBNBIWQABRZWZQGWTQMXRUVL</driverLicenceNumber>
		<driverName>Rebekah Frye</driverName>
	</record>
	<record>
		<containerID>93448</containerID>
		<destination>Carbonear</destination>
		<origin>Le Puy-en-Velay</origin>
		<truckRegistrationNumber>47</truckRegistrationNumber>
		<needPowerPoint>true</needPowerPoint>
		<driverLicenceNumber>LSG05VOF1GWBQWWLXVOQRVRQNETJCDGDMODORNGTTENDIKUMYESNUHPOPSFCBYJVWTPJSETVTIXBBWYAAIDFDHBXBVSSWNCQWBAIBLZTBEUIRYESTPKFSDYCDKHFDTYMGVGRVSKZXDDKOVSKUXLACOIWJCDCAWYVGTPPWAMLPJZMR</driverLicenceNumber>
		<driverName>Timothy Berry</driverName>
	</record>
	<record>
		<containerID>7634</containerID>
		<destination>Vicuña</destination>
		<origin>Balclutha</origin>
		<truckRegistrationNumber>84</truckRegistrationNumber>
		<needPowerPoint>true</needPowerPoint>
		<driverLicenceNumber>NST30UXO4DBZMIVWKHLARCJOGQOBSJQJUROLWXIMFDXIEMPHPJUJINGHQQFMKOKGOSFITMIDCVGKOKRJMQTESFJIPCJQXHUXHDXGTOYEVELZQHOEWHVCEWUSHJFFDBJPNKFZIOVCEMXPOONHUDAXGZSHVYYLKADIAHDIMVNHRVYCE</driverLicenceNumber>
		<driverName>Holly Camacho</driverName>
	</record>
	<record>
		<containerID>6327PN</containerID>
		<destination>Scorrano</destination>
		<origin>Bozeman</origin>
		<truckRegistrationNumber>241</truckRegistrationNumber>
		<needPowerPoint>true</needPowerPoint>
		<driverLicenceNumber>KHH60JHZ3UCCDYVAGNFVNQMTNCTKAVOLAZKACJIUMYBFYIKBMTUJGJDCOHWJKWNLZQIVCJEYLQYIHFBEEOYNRKDRUVBVZKSPMYRTEKJEEPRQFIGIONOGVVJBBWOWRQALCLDFDRFDHEEAHXKBAAOIWNVSPEAYBUFGDMGPCCUCKMRNN</driverLicenceNumber>
		<driverName>Ezekiel Holman</driverName>
	</record>
	<record>
		<containerID>0519LW</containerID>
		<destination>Gooik</destination>
		<origin>Bearberry</origin>
		<truckRegistrationNumber>57</truckRegistrationNumber>
		<needPowerPoint>true</needPowerPoint>
		<driverLicenceNumber>XAI18SQW5KNSSRKXVMYCPGIOTKEKQQTAIGUATZXXXXSOEOVZUUGGOVAKHRYRZLYOAFWEKUHQDKYORJLAYGQZYRLQINOZAKLZPGYTGXFRDFEUAUZRGAFTFIQIJOVFDAZRZQJNXULRWGNSDUVEKGNHXQUGSALSGVBJRJPQBTIXXXNLI</driverLicenceNumber>
		<driverName>Nerea Rogers</driverName>
	</record>
	<record>
		<containerID>22741</containerID>
		<destination>Koersel</destination>
		<origin>Tallahassee</origin>
		<truckRegistrationNumber>61</truckRegistrationNumber>
		<needPowerPoint>true</needPowerPoint>
		<driverLicenceNumber>VLO19YYI5VWSYIMHXUOTUEBCHXXSGBVUPQOXZBOJOXNHGBVXEAYQKKZQEXXQXOJHVPOXIHJYWQBYWPMPUYVCCHTXOYBMAAICQVPHLZONMATJEDXJITUUNYRCFPHIZOLPSOLRSFCVGIWWHNLAALTKWVWVSSXQAXXZBLNYHPYYWVMCH</driverLicenceNumber>
		<driverName>Leo Colon</driverName>
	</record>
	<record>
		<containerID>085493</containerID>
		<destination>Cannole</destination>
		<origin>New Sarepta</origin>
		<truckRegistrationNumber>101</truckRegistrationNumber>
		<needPowerPoint>false</needPowerPoint>
		<driverLicenceNumber>ROC71PHO3RFPGAJVAIHZSCEVXMHVNOZESEMBQIJCLAKNNONVNBNBROVZYXDMEORVCZDAVRPTHUZSBXXBPNNSVRCIWRXCEVRBBEPELFHVHUZUDXBQAJSGDNDNXGZMTHTOTYVOXUYSAAIPDGYCUNYJDXGWRFTLCLLIOEBMTOAXWHLCQ</driverLicenceNumber>
		<driverName>Brenden Sharpe</driverName>
	</record>
	<record>
		<containerID>29711-580</containerID>
		<destination>Laives/Leifers</destination>
		<origin>Hannut</origin>
		<truckRegistrationNumber>154</truckRegistrationNumber>
		<needPowerPoint>true</needPowerPoint>
		<driverLicenceNumber>MDI98NOH9ZASDHVIYVCKYETGVJDGTTPZKKKLNJOXLGXJFFJZIBJXMASTIKFHLQVZIUKFUCDTNPMWYCKZMWHUCAAMFPHNGFRYACQUTNJPAVGSZKJJHZYUDYNJMYODMHQCVSBGJUTDSIICUTVLVWEGUEOXREOYFVTRIELDNBXCPBXHZ</driverLicenceNumber>
		<driverName>Larissa Campos</driverName>
	</record>
	<record>
		<containerID>P4X 8M1</containerID>
		<destination>Roxburgh</destination>
		<origin>Sagrada Familia</origin>
		<truckRegistrationNumber>248</truckRegistrationNumber>
		<needPowerPoint>false</needPowerPoint>
		<driverLicenceNumber>UCQ53TZC6GWNSWVSFKWBAMCLOECJNTRGOBEFYAQELNEHGKNHPYVKCZKBBHNSKVBBGDKXLEHXUYSVQNSKPAMQZJEGQDIWKGCKBVYLLVPOHMHXBYWXCFTTYGGDENOUXLSMGVHGTRIHUKMPNQLABMZNXABMKFWGDIDNADPXMZKKXSUGS</driverLicenceNumber>
		<driverName>Chancellor Golden</driverName>
	</record>
	<record>
		<containerID>4931</containerID>
		<destination>Hapur</destination>
		<origin>Fort McPherson</origin>
		<truckRegistrationNumber>294</truckRegistrationNumber>
		<needPowerPoint>false</needPowerPoint>
		<driverLicenceNumber>GJJ97AJV2HWOVGUIRYGFEKILTSWUBKNZPISEPQBZJDYGRCLNOJWLYEARUBOIFBIEHYWZOZKYFJCDXMMAHSIYFPISUZGVLEGBVPJWMZOGNLYKIHHJHTFDPIEPMVKATZQIGEYPTCLSPHICIBKWVJQRZZQQIZZROUIXRGFMAUAFCVBZQ</driverLicenceNumber>
		<driverName>Chancellor Johnson</driverName>
	</record>
	<record>
		<containerID>28373</containerID>
		<destination>St. Pölten</destination>
		<origin>Mattersburg</origin>
		<truckRegistrationNumber>38</truckRegistrationNumber>
		<needPowerPoint>false</needPowerPoint>
		<driverLicenceNumber>NMW97ORJ9SDSRFTGHDUNNQKJZCMBBXJXURAPKEIGTNFCZHDKBHTDPAQQWFDRJDNJRKGRFMEOKFHGADJCGFNAMKPMTRUHIWZKUUYDAQWDCCZTBJDKDLPEJVYQTSDUEPZLMIQGWUEGXMUKNMPSLBAXRYSAIWJORCOVVMFTNZDVTXNAK</driverLicenceNumber>
		<driverName>Mira Sykes</driverName>
	</record>
	<record>
		<containerID>5273GX</containerID>
		<destination>Deventer</destination>
		<origin>Coassolo Torinese</origin>
		<truckRegistrationNumber>129</truckRegistrationNumber>
		<needPowerPoint>true</needPowerPoint>
		<driverLicenceNumber>PTD95FTW4EYEORBPBWCMCQPCYBVWQISIHIOIXZCSNCBSLGVMGYRPMQCLMAJIPGQYBEPXHXYTQTSXDEFGLRCJUONUHPGELGVEMAPXLMDJBABVWZDJSXXNGEYSEMXEJBPOAUIPPHLWHPZHMCYSUZMZBAKKQJUEEWSGVNEQAWXPSOIFK</driverLicenceNumber>
		<driverName>Felix Salinas</driverName>
	</record>
	<record>
		<containerID>08468</containerID>
		<destination>Upper Hutt</destination>
		<origin>Borchtlombeek</origin>
		<truckRegistrationNumber>135</truckRegistrationNumber>
		<needPowerPoint>false</needPowerPoint>
		<driverLicenceNumber>ZWB08VDU6TSEBCUJNDFGIUZOEDWMZFEDRUXRYGQWUAPPXMRHUHMWHWNMVRUECSGNYOXUYWYLHZGVWSQPRARLIRXJDPCTDLRTTFOGWTRNGXVTIOSSHEKVRZRXTJKZSJYPDXQKWDBQPVVOYNWNKOWRPVGOZASKHWNYHDCLCUJFJGLFZ</driverLicenceNumber>
		<driverName>Genevieve Wilcox</driverName>
	</record>
	<record>
		<containerID>X8H 5W1</containerID>
		<destination>Bungay</destination>
		<origin>Fort Wayne</origin>
		<truckRegistrationNumber>128</truckRegistrationNumber>
		<needPowerPoint>true</needPowerPoint>
		<driverLicenceNumber>KIP92LLT2XMXOWHLKQGBIOPZSNYXMDGMUTOSDUSIQRKHISLIPIBCYVFPBSQUTASPVKCAENEABCRZLFHDVQSTVEZYUNZEECXRDNKDQXXFQWSHGJDRNANOBJOTXRRDHQGHEJKNYBJCWDIJSUMMRJZCGISHRDSBOSBNIIQRKJQQEWHHU</driverLicenceNumber>
		<driverName>Emerald Vincent</driverName>
	</record>
	<record>
		<containerID>9388</containerID>
		<destination>Woerden</destination>
		<origin>Macul</origin>
		<truckRegistrationNumber>257</truckRegistrationNumber>
		<needPowerPoint>false</needPowerPoint>
		<driverLicenceNumber>SWA65QEI5WZGWIPPVADSHYIISAOYDHMZWBRBHFOZHMDTPLHEQYBVQPWFRFQUCWLXPAEHTNBMPBBSONHYIGXPFDIOFTKBYMLANHZUJEMGFDMEWKIXZYEYCGRDYERDYQTKTKGMMYCXLPYYEZEXKCPURKYVXTQUDDTWYOLRTIYJARJJT</driverLicenceNumber>
		<driverName>Amethyst Tillman</driverName>
	</record>
	<record>
		<containerID>9199</containerID>
		<destination>Menai Bridge</destination>
		<origin>Gaasbeek</origin>
		<truckRegistrationNumber>210</truckRegistrationNumber>
		<needPowerPoint>true</needPowerPoint>
		<driverLicenceNumber>RFU90QQP0AZZLYOOJFRIBBLKQKZELETVDNEUXLCMCQEWRLVMTZVQLWQVVAEKHDYDQRKZURZPIRAYUXPWUJEGWDUXXMMUOJCRWCRTFPZRPJOOHVUMPOZIXCWRUGIHQIWBGVTHVBRZKFKWFBPIMTPSCVKVNXJKWAFFBFVJVIHFHFRLN</driverLicenceNumber>
		<driverName>Jeremy Richard</driverName>
	</record>
	<record>
		<containerID>511560</containerID>
		<destination>Muiden</destination>
		<origin>Chapadinha</origin>
		<truckRegistrationNumber>173</truckRegistrationNumber>
		<needPowerPoint>true</needPowerPoint>
		<driverLicenceNumber>UOW66KQA5FKYYRIVVXRELVWNOXGHGIQYICPLLGKHWHNUWHPTHFHWGLAVSKIJMETYVDYTOBLBRYJMRXXIBUUNPPKEHJTWIZQQEMCYQDBIHMCAHVNCNIHMREGHTLYQOVIEDGNVWWCSPEHNFKNAHULQMMTCEMBMBUOVBWFIGDXDBQSVM</driverLicenceNumber>
		<driverName>Alfonso Fisher</driverName>
	</record>
	<record>
		<containerID>155940</containerID>
		<destination>Groot-Bijgaarden</destination>
		<origin>Ferrazzano</origin>
		<truckRegistrationNumber>69</truckRegistrationNumber>
		<needPowerPoint>false</needPowerPoint>
		<driverLicenceNumber>IWA69DKU6AYQGBKTUITHSPSZEYKKCHJKCIAEPKNVRWSAODVIZBTNBPQPOQXDYXWNVCCZWNCKWAEWXBKIISHJKTUMRIXAPHEUOGEKEZFSFIBCSJVZTZEAIHRVJMGZSLYSSWJHRJUPPDYIWXPJJFHAXJBDAGWXFOHTSMQUHTQDJOFZC</driverLicenceNumber>
		<driverName>Garth Chase</driverName>
	</record>
	<record>
		<containerID>50490</containerID>
		<destination>Macquenoise</destination>
		<origin>Castiglione di Sicilia</origin>
		<truckRegistrationNumber>181</truckRegistrationNumber>
		<needPowerPoint>true</needPowerPoint>
		<driverLicenceNumber>ASH35BYB5UWEBRPOTZUQXPXHPMRZCRGXAAZTZOUDMGMDLYEIRWIWPXFLHRKMKEYTAXUNOQGTOHJSQOFWQXNEQXXVQWTFWZQDHJUWGFCFSUJOVYGTVYGLQLFUOJWBDWFYKCMULDBVDNPENDNLMLCKUBBLMFEMRPOXAQICOFDVWYOFL</driverLicenceNumber>
		<driverName>Karina Rosa</driverName>
	</record>
	<record>
		<containerID>46031-924</containerID>
		<destination>Gignod</destination>
		<origin>Las Vegas</origin>
		<truckRegistrationNumber>188</truckRegistrationNumber>
		<needPowerPoint>false</needPowerPoint>
		<driverLicenceNumber>FPE20OOI0KJVVDREYLLRJJMANBAJQUAVAOHXMLVSPXSJZNBXRLZCKJIZOXCDSLTFDGUNUYNYNEEOXQCYVMAIFHZCOALVXAEJKFZFUXMISMDCXGQRYKGGVSTJBVNSBIHNGXMEOJXBZOIUIUREXEJWXTQLVIPGANNNCINRJVRDBBTRD</driverLicenceNumber>
		<driverName>Xyla Barry</driverName>
	</record>
	<record>
		<containerID>585278</containerID>
		<destination>Port Moody</destination>
		<origin>Worcester</origin>
		<truckRegistrationNumber>83</truckRegistrationNumber>
		<needPowerPoint>false</needPowerPoint>
		<driverLicenceNumber>JJD66CEV6LDXMZFJTCSKFZZTTRVTOCFZWEFQBQSCQQNBBJVSFOYDOZZEZRDEOLURBYMXDCELGBYJPWUHRJPXEPYKZOAGATSZGWLHECDEUYTQCELDDTCQOCHGGULRBBFGYKDKZLODLDNIJCWKQVPYIIMHHQMOMFCLHCGAQQCKNQHWJ</driverLicenceNumber>
		<driverName>Francis Douglas</driverName>
	</record>
	<record>
		<containerID>71604</containerID>
		<destination>Evesham</destination>
		<origin>Maltignano</origin>
		<truckRegistrationNumber>155</truckRegistrationNumber>
		<needPowerPoint>false</needPowerPoint>
		<driverLicenceNumber>SVY11QCZ7ALQALHBPJLCOAAXFNJQCCHRJVPJIKHBPHQRQDWGUSVJIIRWZYAOGJCNFJVLLGPDUBIVTVKMZMPXGZCJJXBJDZRAFFSNBLGAYJYHLIMNAAWYJSFHJBITQBZERHKQOPIIZUSHRXNNFJPBYXUDQHROPDWDVHLCXRSAZFQDI</driverLicenceNumber>
		<driverName>Jamalia Peck</driverName>
	</record>
	<record>
		<containerID>507129</containerID>
		<destination>Cavasso Nuovo</destination>
		<origin>Alexandria</origin>
		<truckRegistrationNumber>12</truckRegistrationNumber>
		<needPowerPoint>true</needPowerPoint>
		<driverLicenceNumber>KQF78PBC7INECYKHEHASNSQSCFXWXARZQYLFWHTSVLPWFKPPXPNCKGCOEBJFHPCUMLXHMCBTBWSHTZEVUVZRWUERYMWYEMFLCOKAPFHLMBCLJYTWNYIMONXILMEQDJXHTOZWXPVKPZQUAWMUJLSOZKMIEEWMNODXSFITSYIGMJONB</driverLicenceNumber>
		<driverName>Cameron Baird</driverName>
	</record>
	<record>
		<containerID>52921</containerID>
		<destination>Swan</destination>
		<origin>Wollongong</origin>
		<truckRegistrationNumber>152</truckRegistrationNumber>
		<needPowerPoint>true</needPowerPoint>
		<driverLicenceNumber>JDB00IJV1KOSHYZJLYXJVBCQIVBUMTXUZACUDYRGZXRCPAWFKEKDOWVYGCYFIAWTYAPPKRDYAGLUFEWQBFZUVUEMYLXJUTRLSZWIEJLOHLEINLHSWIEUGXCDWJXEJEXCSUKCMNYLELUMZGDXUCAHFZKMLPHJOMAZSIVXOWMFXVGXR</driverLicenceNumber>
		<driverName>Florence Olson</driverName>
	</record>
	<record>
		<containerID>09134-048</containerID>
		<destination>Solesino</destination>
		<origin>Segni</origin>
		<truckRegistrationNumber>2</truckRegistrationNumber>
		<needPowerPoint>false</needPowerPoint>
		<driverLicenceNumber>XWL17RIU1WSEBGINPEEDUGRFVYYEWZLUOONCCGIJEQDVAZNHXAWOWYLBPXEGWHVKZHRSHAJPMNUKYRFLGRHKLFAVNCEVYWXECAAWWDBJIZNVPNVOYCOUFTUWWUOTGMUAFAHSJPKGQSLCDFTGTZRSOCPFVQITQSXWVBOKHQMOHFZKX</driverLicenceNumber>
		<driverName>Hadley Gould</driverName>
	</record>
	<record>
		<containerID>56414</containerID>
		<destination>Castelbuono</destination>
		<origin>Karacabey</origin>
		<truckRegistrationNumber>48</truckRegistrationNumber>
		<needPowerPoint>true</needPowerPoint>
		<driverLicenceNumber>GUY80SSV3BUCOPHGMKMIASHBVJDLYELKXCLOYCLOFABGQCFBEBDSJJLRERFUTRJXJDYZCCMYYFHFEQMCGTVVXQSRVBGLTHKXOEYZNNBNRIAFCOIDQUSDGJIZRZQXWXXBBNFUQZLIVWXNQAENMDRQZIELBXPQSUTARRMRTELZNMBPI</driverLicenceNumber>
		<driverName>Gareth Stout</driverName>
	</record>
	<record>
		<containerID>689762</containerID>
		<destination>Hualaihué</destination>
		<origin>Petit-Hallet</origin>
		<truckRegistrationNumber>101</truckRegistrationNumber>
		<needPowerPoint>false</needPowerPoint>
		<driverLicenceNumber>PIY14BNG4WYMAYVJXDOSCMYSKWQXJAJDCQOOKGRZHBNBQZXUPJYACDFWBEAKQDWBZKTKCYUSRNTXYFYLLUPBPXZNSDOAVUPXPQSLKEGLEJNSSGMFAANWFJJKCRUDYMBFEVOKEDQBHQCJRFZQNTEUOAOHFLUYCSNSXGOCSQQZLEAXK</driverLicenceNumber>
		<driverName>William Kane</driverName>
	</record>
	<record>
		<containerID>4784</containerID>
		<destination>Helena</destination>
		<origin>Brechin</origin>
		<truckRegistrationNumber>33</truckRegistrationNumber>
		<needPowerPoint>true</needPowerPoint>
		<driverLicenceNumber>XXS53KVV1YBNFYEIBRTDMJTOCTWCFWYOLOJAMLCDDOETRNNIFTUOXPNRLVUZSMXOWKQWZEPTYMJEQJZQHPQYVKVWQDYPSVCOEPRNMNOLPMUZTNVPRTMSCRABZRFATNLBFFBLEZJCIMJMZCCGMACQORPUMGGNUHYCMPYCPSZZFEGVF</driverLicenceNumber>
		<driverName>Barclay Mcintosh</driverName>
	</record>
	<record>
		<containerID>40805</containerID>
		<destination>Leffinge</destination>
		<origin>St. Johann in Tirol</origin>
		<truckRegistrationNumber>210</truckRegistrationNumber>
		<needPowerPoint>true</needPowerPoint>
		<driverLicenceNumber>AMZ63RSD1WLITPKZXGFZAHMHKVBAGIQWAQFLDUTDQLNLBRVYQDGUHJTLEWTDNCUCWTCOVVLODUHFKWZPIXJMGUKTPAWCYPRRMZMRYVWPJPLTKYPVGNTSFJPRVDPWPZNXPTPFBDMSFNZUZZLIZENEDZGMMBVEHUKYCEMAJKTJTKJBO</driverLicenceNumber>
		<driverName>Natalie Bird</driverName>
	</record>
	<record>
		<containerID>09196</containerID>
		<destination>Renca</destination>
		<origin>Green Bay</origin>
		<truckRegistrationNumber>25</truckRegistrationNumber>
		<needPowerPoint>true</needPowerPoint>
		<driverLicenceNumber>ULL77DZE7ZTGMMWMTIWFVIUGJOFDZNLAOEMKUAOFWACQITKBLTXYQXAORVCYHHPRFUCZGGPWYVBBHKAKNAWUCNXWRVLWRFSVATZYJJGWWBZIQRRIYRSIXNBUIOPBFBVSXWZGPLIAUDQXCMMYGXCKVUJLNLKTXDGAOOUSNGEOJCPSV</driverLicenceNumber>
		<driverName>Kerry Spears</driverName>
	</record>
	<record>
		<containerID>720716</containerID>
		<destination>Strausberg</destination>
		<origin>Tortel</origin>
		<truckRegistrationNumber>228</truckRegistrationNumber>
		<needPowerPoint>false</needPowerPoint>
		<driverLicenceNumber>PVL88QIC9GNLENSFWUBGSSXPHTWKHMJBTGGDHKKETINMNXWIBIJYBCSJVCGJUPQLMCAMNYIZUMOHDHDVYVHXHBVCFGZYNOPUNRGEXVZWBTRCPBRSRISXMBODRJFORMITZYSUTHUOETWXTYHEJTUOXSFWIOZGSVFKPKKIGRHQSJVKJ</driverLicenceNumber>
		<driverName>Dieter Johns</driverName>
	</record>
	<record>
		<containerID>18339</containerID>
		<destination>Solihull</destination>
		<origin>Sant'Agata sul Santerno</origin>
		<truckRegistrationNumber>272</truckRegistrationNumber>
		<needPowerPoint>true</needPowerPoint>
		<driverLicenceNumber>WFV06FTU0PRYVYQWVJQUSVKKFFRTFMMGXDKQEUNZZJRSJYMPWYBSJUWRYOYPPNRQVGMDVUATCINAXYRTOWPJBSXGFNEDXSTZVHTOAAGKANUTISWQWQQWAHVXWVSJXPOKMNYQTWSCLLJXNGFUVHTZCRDJWRVGPZLBQSXNICBLVFSUN</driverLicenceNumber>
		<driverName>Calvin Salazar</driverName>
	</record>
	<record>
		<containerID>40317</containerID>
		<destination>Gifhorn</destination>
		<origin>Chalon-sur-Saône</origin>
		<truckRegistrationNumber>158</truckRegistrationNumber>
		<needPowerPoint>false</needPowerPoint>
		<driverLicenceNumber>SQG73ASJ2YIWDKKFCAXZGFRCHGYGGVNGMAQYXPNGRNFILCLNAWTNSRZBFGEQVBFJKMPSCPEJKAVAJHEUJFXGJHUGWRDPMTXRHWZORIZPQLNJJAWCNESOPZZBDNERJYUHDNLEBGFDEXCWACJVOSYLIIQWPYNELEIODULAGPPMYZDYY</driverLicenceNumber>
		<driverName>Benjamin Schmidt</driverName>
	</record>
	<record>
		<containerID>52-605</containerID>
		<destination>Etterbeek</destination>
		<origin>Belgrave</origin>
		<truckRegistrationNumber>195</truckRegistrationNumber>
		<needPowerPoint>true</needPowerPoint>
		<driverLicenceNumber>PYT12KGA6QAIHBYHAJUEPVCYSPQTCJIMYINPCSUASPXGQLOBSMINTMAHTLCAYHVKVVAXIFZUHPFXNCSJEABDKHXITWATRKFLSXSZXTCABLCSELMOWSYMKCQTVMZSWWLMHJGWKWSHAZVUDNHOMBEIKCZRBESFRSIUJRUIGPHRDRVIO</driverLicenceNumber>
		<driverName>Dakota Valenzuela</driverName>
	</record>
	<record>
		<containerID>72977</containerID>
		<destination>Melazzo</destination>
		<origin>Geraldton-Greenough</origin>
		<truckRegistrationNumber>282</truckRegistrationNumber>
		<needPowerPoint>true</needPowerPoint>
		<driverLicenceNumber>MFE47JKJ4OKUVPJTPYJUYTXQIWQTNLXMBMCRVBJUKTKPKDKLZETHLPNOCFWAFFOEFFULMGNJYOBJGQUZJADAYSLJEJDNVAZRTIYEXGVNRXRMYJZOXFOHDEKIZWEOQWBVMWYTLYRFLOSNHNSZZUQVPISDGDOAHMYHOJCVXLYOZHULC</driverLicenceNumber>
		<driverName>Quail Serrano</driverName>
	</record>
	<record>
		<containerID>48402</containerID>
		<destination>Arendonk</destination>
		<origin>Ch‰tillon</origin>
		<truckRegistrationNumber>35</truckRegistrationNumber>
		<needPowerPoint>false</needPowerPoint>
		<driverLicenceNumber>TOV48VPI0UYPFXSOGLNMYZPDAQLGJBLDPGTVUEIGFSKWUPWXCIKEVXNMMKVGATBESUEFHERSJCRQDPMINHYWGUQZQBZAPGVMIKOZFZAZAIBGWORGJADNAPTTCUDCMQNSSYBATYHTBFIFIMQJKQYSCCTXYTOKAHEAUQFDCYETTOPTO</driverLicenceNumber>
		<driverName>Nathan Dickson</driverName>
	</record>
	<record>
		<containerID>64322</containerID>
		<destination>Bairnsdale</destination>
		<origin>Enines</origin>
		<truckRegistrationNumber>155</truckRegistrationNumber>
		<needPowerPoint>false</needPowerPoint>
		<driverLicenceNumber>NMS58NAG0BRTGPIFRSMHLGURQCHBRNLXBDJNKFTJNRSIJDFMQQEHFSAAOMPXDIYGGSHUNQPNILNTJHZNFCQOLMNORIXOLZBWZFMRDBIKPVXDMDUMZRIVJPOTKKFPOTTQSGIOOTIMUPXYSIUEHUOBIXRFOHQGFUDEZXPJEXIPROUTH</driverLicenceNumber>
		<driverName>Kerry Wolf</driverName>
	</record>
	<record>
		<containerID>JG5Y 9PE</containerID>
		<destination>Rixensart</destination>
		<origin>Bienne-lez-Happart</origin>
		<truckRegistrationNumber>260</truckRegistrationNumber>
		<needPowerPoint>true</needPowerPoint>
		<driverLicenceNumber>THA95SRU5VLRNVCTQBXMKTUKMERJCCFUMUBPUKBHQQBBZATCZJZGMHFPMJDIZERSEWGTEIXNHXWENASHRAFAWADIZGCQIEYYTYXKNSZTAVGNRWCVMNRFEZRGVQGOUTGGKTSVBUZCRUGSHJFDTFTWMPTLRDQUEPQTUJGGVXGWZUVPM</driverLicenceNumber>
		<driverName>Germane Fleming</driverName>
	</record>
	<record>
		<containerID>4703</containerID>
		<destination>Viggiano</destination>
		<origin>Sart-Eustache</origin>
		<truckRegistrationNumber>140</truckRegistrationNumber>
		<needPowerPoint>true</needPowerPoint>
		<driverLicenceNumber>AAU36UZZ2LCDWAJUOBJNYRDGBVBPWYUSCFCCBQTRFYZFVDGQZGLNIEXLZSFICMYWTYEHFNJPBCUNPPQDFJMTYPPBFQQMADLVBJSEHGUKTOFBAGZRSVUYBAFYKBTFCSUFTVKJGOBWVTNSARDNUMYBOBWGURXJTQSLGBDKGULXVDXZJ</driverLicenceNumber>
		<driverName>Dennis Malone</driverName>
	</record>
	<record>
		<containerID>5695</containerID>
		<destination>Grande Cache</destination>
		<origin>Jabbeke</origin>
		<truckRegistrationNumber>106</truckRegistrationNumber>
		<needPowerPoint>false</needPowerPoint>
		<driverLicenceNumber>TKZ62FQY0NJOSSPHLORNBGRVLJTFTJWRCTMPVEXPEOKTVITBZKHONHITQJYQQDQLREZQJDFMCHUJBMUCBMRFZHEWYWUUFPSKLOLEUUQOLAYARQEWVKMIKJIGTWYGUFUSRLHQEBLLNCAHVPQRBAJOZDJAXYDHNNDHMRIEYGSSVFKIS</driverLicenceNumber>
		<driverName>Keegan Durham</driverName>
	</record>
	<record>
		<containerID>70300</containerID>
		<destination>San Diego</destination>
		<origin>Whitby</origin>
		<truckRegistrationNumber>174</truckRegistrationNumber>
		<needPowerPoint>false</needPowerPoint>
		<driverLicenceNumber>DJP35OYG3OWHVSKEMDFNFPHWBHAPMTMJDHSKGCXKXPXMJTILKVDURXXXPUUOKNNGYTINTXACTCCZEKWRSZOQAZGYPQNRBZMUNFNYHRXNZOSEYDDMTCIRPLWMHVUDBQSXMKPTMJANUOTIFKOKDSTPRTYCPREXYXNFLZPJNHSYUGRJA</driverLicenceNumber>
		<driverName>Kameko Obrien</driverName>
	</record>
	<record>
		<containerID>5311</containerID>
		<destination>Amberloup</destination>
		<origin>Columbus</origin>
		<truckRegistrationNumber>40</truckRegistrationNumber>
		<needPowerPoint>true</needPowerPoint>
		<driverLicenceNumber>UGM45LIA0AKEQMKFEDJREXBLIWXESBUZUONAPMAGGWVWHQQGKRTLNGMCPVBOORKZJIUOKSPVBRPYCANZDYAUXOUBPILEKDINOPIQEBFGFDRVYCOEQNKJHNHLPONJYUJNLOOGXTKUMSYQAORIVDYTHXZXBFXHODVWDZJSGTNMHVSJC</driverLicenceNumber>
		<driverName>Eagan Molina</driverName>
	</record>
	<record>
		<containerID>24976</containerID>
		<destination>Gressan</destination>
		<origin>Nadrin</origin>
		<truckRegistrationNumber>154</truckRegistrationNumber>
		<needPowerPoint>false</needPowerPoint>
		<driverLicenceNumber>FAK54GWS3DVZGYSJMVWTZDFJBKUGIXDUBSIUUQKNAAIUEKSRSVFITINXEWCRCCQYDGMHQKULDBMLNOOORQAHDJJGJSCEWDXPZIVENCLXSHMLOGZTLFBRZDTUFLAFUWUTPHPYTOEFQJFHIXEUZIUTVWLGVYVAQUTKTYGTHJCYBQCMW</driverLicenceNumber>
		<driverName>Prescott Britt</driverName>
	</record>
	<record>
		<containerID>2571</containerID>
		<destination>Antalya</destination>
		<origin>Mansfield-et-Pontefract</origin>
		<truckRegistrationNumber>275</truckRegistrationNumber>
		<needPowerPoint>true</needPowerPoint>
		<driverLicenceNumber>CCG01TOZ1ZEUSPYFAXIHQWPLGBYAQZLZPKPVTLNIBJSYJOOYNDLESJCYAELCLEEEPSGFISUFXEMMXKQMYCZCUVNTDGPECXUUCAMAPVTCQIUPIZFKTISQFMUWMVYLVMZKBIGRMRZHUBWKNONZETTRPOMFZYXTZRFNHOCDKHAEIGPNZ</driverLicenceNumber>
		<driverName>Reese Banks</driverName>
	</record>
	<record>
		<containerID>YK6 1GY</containerID>
		<destination>Troon</destination>
		<origin>Kilsyth</origin>
		<truckRegistrationNumber>147</truckRegistrationNumber>
		<needPowerPoint>false</needPowerPoint>
		<driverLicenceNumber>HGR58STF6NYWUZVTCUDRLGBTIIWTRZACFNPWOQYUVVKGJIKZKXHJZGQNQZQLXXVIXVVAMOGORGMMTEWQASPEEXXFRBIZDGTACDSOMYWXJYTDBBWOHOMGSXTWIPSSRLKIMDZAEMQSHODISQFVPPDAQAERYLGHGWZLDQLKFBVAJOAMS</driverLicenceNumber>
		<driverName>Sacha Wagner</driverName>
	</record>
	<record>
		<containerID>8559</containerID>
		<destination>Enterprise</destination>
		<origin>Rajapalaiyam</origin>
		<truckRegistrationNumber>275</truckRegistrationNumber>
		<needPowerPoint>true</needPowerPoint>
		<driverLicenceNumber>NZI62PBT0JLZOSADFXJUGQJFNIDTFXSWSPIVEBHDUCTMKVNGFELYMMOKDSFETCSELPRVUJAAJIKMQKAGEQZGDCMMRLVXDNJJBQIEXPQNMQWOCTTUVHJSSKXSNIHVRGLCWXHOVBGHGHKMHNTVXBZDEWUOFJGFREOPYFVKHEIGEMLHR</driverLicenceNumber>
		<driverName>Shelley Navarro</driverName>
	</record>
	<record>
		<containerID>P6H 2A2</containerID>
		<destination>Pazarcık</destination>
		<origin>Knoxville</origin>
		<truckRegistrationNumber>117</truckRegistrationNumber>
		<needPowerPoint>false</needPowerPoint>
		<driverLicenceNumber>HVY84XEU1YHDDBQAGIWEOIZTXMZBJSWJSANOYOERPUYLUMNXAQLEEZRVVANWIHFVKGQOFJWGYRCOTQTHSKMVTIJKQRGFKLHGGFZEISSSPITRLIHIVTKYMISMICVETRLLNOFFRGDGXBEXEJHPXYANUOGOQIEUXJTZXWBSOXDKRRVMS</driverLicenceNumber>
		<driverName>Garth Avila</driverName>
	</record>
	<record>
		<containerID>JN4 1BY</containerID>
		<destination>Sint-Kruis-Winkel</destination>
		<origin>Traiguén</origin>
		<truckRegistrationNumber>37</truckRegistrationNumber>
		<needPowerPoint>true</needPowerPoint>
		<driverLicenceNumber>GPQ49CPT6RMWSIYAIIOASBEIPVJZRXSOUEBRGERNSJOTAVIPGCPBWFIJNSLLZUOBYNRSIXGNZMBYJGGKLFBMTDMNXFDCGWXVTYFUDEEJVAWMVPERUKBDSWIPYJACHKZFMVWCRWXMFOIWMSBKUKEEWOCOYMPDDWXORJLVXIPFIIYRH</driverLicenceNumber>
		<driverName>Veda Carlson</driverName>
	</record>
	<record>
		<containerID>10962</containerID>
		<destination>Clackmannan</destination>
		<origin>Machynlleth</origin>
		<truckRegistrationNumber>233</truckRegistrationNumber>
		<needPowerPoint>true</needPowerPoint>
		<driverLicenceNumber>ZVF52NJA9GCAHTJNTFGNWYXOHCBISDREMEPAAKQFDIJFPKMFFDVFGAFJRAKAHDCLLZTRTCHLOMCZIFJYTJSUZWYGFWMDWIWBAIWKSJZIICXEIKRQAAXHWPPCTQPIOYUBUYSTSWJNHPHADOGPIHEYNQRETBCFNYQTCMLYBNMICAMOQ</driverLicenceNumber>
		<driverName>Emma Kaufman</driverName>
	</record>
	<record>
		<containerID>94-035</containerID>
		<destination>Villafranca d'Asti</destination>
		<origin>Piotrków Trybunalski</origin>
		<truckRegistrationNumber>278</truckRegistrationNumber>
		<needPowerPoint>true</needPowerPoint>
		<driverLicenceNumber>NGF77HNT7FWGBHBZAMEXIZRIEVEQFCVXTQQUNKJPRIKVWXWDDIGPMLNHJNFEEQQRRPRSJETWJSWDCEYYAMATPQDOEUMALBVXYHDQWKDFBEVLWSUACTXNUMNCMGYNSVXTGTABMYMHCCXTMLDAROHLHOZEGLLTYPKQZTAXFFHAMYXXF</driverLicenceNumber>
		<driverName>David Bryan</driverName>
	</record>
	<record>
		<containerID>3651</containerID>
		<destination>Chepstow</destination>
		<origin>Auburn</origin>
		<truckRegistrationNumber>278</truckRegistrationNumber>
		<needPowerPoint>false</needPowerPoint>
		<driverLicenceNumber>YBU63XMB3BNUXMGMDKEFVXZMFQZPPZVUDTALREGUIKKUZUQAFLIERMHIXJWOCWIMYBHIAJTMOUCOUYXQAVBYOBLFHJKIRHXSGTTJLQRLYZSNCZLFERBJABJTUPYWXANZAWLNHTNWIYGJOUFTTXYKEGICPKAZXUXPXIKRMLYXPHHZY</driverLicenceNumber>
		<driverName>Aurelia Alexander</driverName>
	</record>
	<record>
		<containerID>32583</containerID>
		<destination>Huntley</destination>
		<origin>Castlegar</origin>
		<truckRegistrationNumber>85</truckRegistrationNumber>
		<needPowerPoint>false</needPowerPoint>
		<driverLicenceNumber>ZCV24BYD3OYXTRNLZMSBAEVHMRVWSXZAPOMMYGCVSXQRFUHEZCOITHEIPDCZFYZSKNPLTCFMOTLVQWLBISAEQHVZKTOECLHAVVBOQXAVZZFZJUCPCNBKFQRDXDGOYZOKJKKRUIKXSCIRVRICKCLWDTFDGIWDZBASTZQIRDGFZGDBX</driverLicenceNumber>
		<driverName>Barrett Carr</driverName>
	</record>
	<record>
		<containerID>51546</containerID>
		<destination>San Clemente</destination>
		<origin>Solapur</origin>
		<truckRegistrationNumber>271</truckRegistrationNumber>
		<needPowerPoint>true</needPowerPoint>
		<driverLicenceNumber>UVH24FWQ3OJABZNRDMPSAJDNTBQZPFOGCLDGRXIXMGPQYAYTFRJXTIZTZSZBHYSXBXQGUNDMAIAIXCUSAVHLMTGCTCPBFXGVDHTBJBDVQTZUOOOBNUYMBRMTBAYGAJWAAXVFWBHXGJJJUFSRECMRBJLIBNYKPBWFGVXDDRIHVEQSB</driverLicenceNumber>
		<driverName>Len Key</driverName>
	</record>
	<record>
		<containerID>13411</containerID>
		<destination>Ribnitz-Damgarten</destination>
		<origin>Cedar Rapids</origin>
		<truckRegistrationNumber>293</truckRegistrationNumber>
		<needPowerPoint>true</needPowerPoint>
		<driverLicenceNumber>WWT53DUE1ANZJCCIXNBNMOIXAMVERZZVFRQCHUBHLSLOJCPBBFLHHHKICQNDIDETNZOLMTUHHKKQTTRZIUHGQHTDKQAPJHFJRQFEPKFOIQIMWZEOYZLUPGNBFCYWEYAQCWECEJBLURIFKBQOSSZTHXWWCUOCVOUKANJDLNUTCZDZM</driverLicenceNumber>
		<driverName>Malachi Talley</driverName>
	</record>
	<record>
		<containerID>3103</containerID>
		<destination>Torgiano</destination>
		<origin>Alanya</origin>
		<truckRegistrationNumber>283</truckRegistrationNumber>
		<needPowerPoint>true</needPowerPoint>
		<driverLicenceNumber>WAS11GDV3GEQUAGETYVAQBPJDMOLAGVALHWNBZLMHRTOPGDQOLFPQFKYRNQOCHXCVUTVGZVUVWXVDAFNQRACOAOBRKRNREHQAFGIFEPYSJOYNLKVYXXMLNSYPVMSKUVDVSGYRUYKSSWTRMSVCDCHCIYGJGKREUGNUDCJYRKTRIIWU</driverLicenceNumber>
		<driverName>Timon Schneider</driverName>
	</record>
	<record>
		<containerID>4202</containerID>
		<destination>Scorrano</destination>
		<origin>Chonchi</origin>
		<truckRegistrationNumber>266</truckRegistrationNumber>
		<needPowerPoint>true</needPowerPoint>
		<driverLicenceNumber>CIB35ZHT2FYAHZWAJJCNPPKRLPIEQYYRYGTMWEFPDZRNFNKJCUCEFFVLKVXYURXCXZBABXFZFSTFNRHCUAKSDQBCKAJRQNFETQNONZZWHFAIYCYWRBVNPCMMHTYGHJPTHKRHXWWQJDNQWLKDGUPEEIIEKTPKHAOCABRISBMMMIZHW</driverLicenceNumber>
		<driverName>Tamara Haynes</driverName>
	</record>
	<record>
		<containerID>7922HW</containerID>
		<destination>Dessel</destination>
		<origin>Aguacaliente (San Francisco)</origin>
		<truckRegistrationNumber>64</truckRegistrationNumber>
		<needPowerPoint>false</needPowerPoint>
		<driverLicenceNumber>IGJ35NWD3QDDQHLQBNWXWOSXGIFLGGBGHDPLKTHYOACVCTDIYJWZHPLXWXBOFUUUCLCNHDRLVSPWMKUTUJLZDYFHOSMWCNMYUZEGQHJXTMJCOHISPLQUBGRBXLUDPPDZSAHBDPMFLNOGJRESVDQVAICLAYQQPTKNUSCNVFNYBSVYM</driverLicenceNumber>
		<driverName>Zelda Chan</driverName>
	</record>
	<record>
		<containerID>6041</containerID>
		<destination>Niort</destination>
		<origin>Diepenbeek</origin>
		<truckRegistrationNumber>208</truckRegistrationNumber>
		<needPowerPoint>false</needPowerPoint>
		<driverLicenceNumber>SMD92CTX7PIPVPPEOFXOEWFUMUEPPAVZTDHNQHWMBGSHWDCCZRDPWQSAVQOAHBCQYOOEBAYKWKGUZXBZYJUYBSPJAYPRUFBDZKUQAYBAVNVOBSTFHXVIFOALBUEPHDGFUTZTZDXIYPDXMNANBYUKKMDLKUCXXMVLBVIEZNQXSYIIC</driverLicenceNumber>
		<driverName>Mollie Lloyd</driverName>
	</record>
	<record>
		<containerID>5569</containerID>
		<destination>Castel del Giudice</destination>
		<origin>Rodengo/Rodeneck</origin>
		<truckRegistrationNumber>70</truckRegistrationNumber>
		<needPowerPoint>true</needPowerPoint>
		<driverLicenceNumber>PYL88TEP6LRZJFPDUHLUGNFCDYKMIHGFLOFJBCAAYGZRHTAKOCNDGUUJCMDCJFRBCGHGLPRKMNJQPHUMNHWOPHCXYCYODRZODLROPZJCWLYNOYSQUBFBLUWLQTKOOSEGZLZZYPEKAUYJHSUMXZMLWZAUYFLUVGQEBRFDLGLZNNMHU</driverLicenceNumber>
		<driverName>Dale Mooney</driverName>
	</record>
	<record>
		<containerID>8371</containerID>
		<destination>Carpignano Salentino</destination>
		<origin>Teodoro Schmidt</origin>
		<truckRegistrationNumber>290</truckRegistrationNumber>
		<needPowerPoint>true</needPowerPoint>
		<driverLicenceNumber>PBN25OIW9VMYRUXQETQFVWKWFJFZCBSWQDQQLVDSECYOOKSAKWZNREZLXDXNUDXHPBZZQNFJMUSZHQRYRNKMJUYZNYRBEUBKVXTDMVGOKJAFSYAJQLPZOYJFUQQAUODENNUJJKVGZPPZREXZKBADZWDGEWEUGDJHFEXYMJFYATFLL</driverLicenceNumber>
		<driverName>Uta Davidson</driverName>
	</record>
	<record>
		<containerID>28728</containerID>
		<destination>Falkensee</destination>
		<origin>San José</origin>
		<truckRegistrationNumber>289</truckRegistrationNumber>
		<needPowerPoint>false</needPowerPoint>
		<driverLicenceNumber>ABM19SGA0LRXWSOYDHWBKZKEGJEIAQTAYHGVKMHUYNEDKJWXXKULRUWYBZLFDNAIRWVNBRAQCEKIYFZZIQBLSHJGQHJMETNRBRXCABOWDQYXBRRHXVTRUYLCDWBKKKHQOPOMGVFWYXDMSNIYVMMCBMHKCRWPHECIVFRTGRWPGNPAD</driverLicenceNumber>
		<driverName>Rooney Forbes</driverName>
	</record>
	<record>
		<containerID>83488</containerID>
		<destination>Fortune</destination>
		<origin>Chile Chico</origin>
		<truckRegistrationNumber>51</truckRegistrationNumber>
		<needPowerPoint>false</needPowerPoint>
		<driverLicenceNumber>HMQ03URC4BYQAMRUQWKYTRDSDTPDMCJDTRKJWOPCUXKOCCXOCGNAZKHWTCZUEEMBNAPXHHLSJNOBKCXSEFDJYZFDUVOAOYRFAMZKTHSBWPDGGKYQWEPWATAYYUTSJTOFEZCRHDIZYRAVKNUNRSVYAPARPZEXZWTLOPCYUMYHDCIYX</driverLicenceNumber>
		<driverName>Darius Ayala</driverName>
	</record>
	<record>
		<containerID>21435</containerID>
		<destination>Torre Cajetani</destination>
		<origin>Rotorua</origin>
		<truckRegistrationNumber>69</truckRegistrationNumber>
		<needPowerPoint>true</needPowerPoint>
		<driverLicenceNumber>FFP88GYW2PTTNPJDYAQOKJTUKQYRHUGXXGAAAZIUTDKUJCWBDQDEXYIYUVBJKJOLPZZCTXONHYYIKBIKPSHKYOQWJLKNIOYOFMRRTGQXJJNBPEROOGXFTGAXQMCLGGOTIQMYQTKUBDAPSCBZIKJGLFQEHNLVGUHOXCJTXWIZSQKAU</driverLicenceNumber>
		<driverName>Meghan Ware</driverName>
	</record>
	<record>
		<containerID>90114</containerID>
		<destination>Rabbi</destination>
		<origin>Ajax</origin>
		<truckRegistrationNumber>106</truckRegistrationNumber>
		<needPowerPoint>false</needPowerPoint>
		<driverLicenceNumber>COV28KWT2JQAHZAZGDQNBROHOAPNPWMSYMXXPRBOIMGQVNUGIITIDUNYYDWRGEKJWDVBTCHWGKZGUTURIWFOXSNXEUKYFUKWMDFCIDYSOKNDUZIDGHTVJSDATEYSYJPBKAOQJVJDLLPXHAVIBMNFIBVVRYZRJKWYVBCQFHVVWYJJB</driverLicenceNumber>
		<driverName>Hammett Bass</driverName>
	</record>
	<record>
		<containerID>93854</containerID>
		<destination>Montpelier</destination>
		<origin>Laakirchen</origin>
		<truckRegistrationNumber>121</truckRegistrationNumber>
		<needPowerPoint>false</needPowerPoint>
		<driverLicenceNumber>MYD12KNB4XNPGTVFLGCXMNKBKJTWZZJRVRIAVMIEXJEDYKPLQNBSWUJFXSXOYOPOIZXQJHCMNDGSEEDMHZKMBHHSAAUENMKQCVYQVOPJUJAPUGTIQSWQQLFGPIDVUFWRXTFBCTMVLQLWBYOEAKNOAOURCOTUURLXVJWQYVLRZLCEE</driverLicenceNumber>
		<driverName>Karleigh Beard</driverName>
	</record>
	<record>
		<containerID>V0A 0X8</containerID>
		<destination>Périgueux</destination>
		<origin>Gallicchio</origin>
		<truckRegistrationNumber>123</truckRegistrationNumber>
		<needPowerPoint>false</needPowerPoint>
		<driverLicenceNumber>SQP31SVH0FTEANARYNDVPNTBGQAJUVVGJJKTLACWTDIZEUDOOOQTCNAJALUOWKCHEEHKPDJTDVTNVWDUUVCHTOIJSVVEZELAKAMLDANJTECLCAUGEFPMMQISVBAPWLMVOMIITNNQVLYMZQMQXWMJCOYCLTAVPRVTJXIEARAAMRTCP</driverLicenceNumber>
		<driverName>Gavin Barker</driverName>
	</record>
	<record>
		<containerID>02781</containerID>
		<destination>Uitkerke</destination>
		<origin>Vidisha</origin>
		<truckRegistrationNumber>177</truckRegistrationNumber>
		<needPowerPoint>false</needPowerPoint>
		<driverLicenceNumber>LQK96EBB3IDPPCMYQBTNHOSAMSHYXZDURXJCYTPDTVKTJALZQLQMBMGHSYABSMBIWYZIKXRJJXPRRIDXQPQJSCNRWYOCBLRLORREUBTBPIKXABAFCGLNTZAJGMCEEZQIIDEXFDLIMMBOUHVMANJNADJCBGYPYENTNRWBOFAYQYEMS</driverLicenceNumber>
		<driverName>Addison Patrick</driverName>
	</record>
	<record>
		<containerID>S6K 8W0</containerID>
		<destination>Whitchurch-Stouffville</destination>
		<origin>Attimis</origin>
		<truckRegistrationNumber>257</truckRegistrationNumber>
		<needPowerPoint>false</needPowerPoint>
		<driverLicenceNumber>OMN79NWB2CVGHIPXIHVWFHWSRDWIGAYOULKKAESYIJAYKMDFPBVYMZRBUFZTOOSNYLFITDWXTBLWBMOPRVAKTFNSWONRBEPZRDJTGGZEZTYEONIQBGKSJAXQSESUOLWWYYHYMQMMLEYUHODAGTGAWYMWUPLSPSGHUKKDWDPLOKIEU</driverLicenceNumber>
		<driverName>Eagan Walter</driverName>
	</record>
	<record>
		<containerID>07817</containerID>
		<destination>Hyères</destination>
		<origin>Dubbo</origin>
		<truckRegistrationNumber>9</truckRegistrationNumber>
		<needPowerPoint>true</needPowerPoint>
		<driverLicenceNumber>UOZ75PMQ3ZMBUMAMNSIGBLZOKCBZCZBYQOXOJTFBEJCDTCAYQFHTGOITPCFUCUIBUVMIPLAPGNKHPBIWJTSXVFFVBFIIGCBXQRKOQSRJEDFYBMHPMYHWBFCKCHDLBYJGSJBXFJYVUZECITYZIEVRQFIKNNQZFJKCLVJIHORHBAYMR</driverLicenceNumber>
		<driverName>Zachary Maddox</driverName>
	</record>
	<record>
		<containerID>21517</containerID>
		<destination>Mackay</destination>
		<origin>Frutillar</origin>
		<truckRegistrationNumber>255</truckRegistrationNumber>
		<needPowerPoint>true</needPowerPoint>
		<driverLicenceNumber>LWF60IKM1CHTDBMJTGVAZHDLTUVYQHWOUWLSORDKRVACTKFXHLQFBTCKBHRQFDEJNAUPRXEPYBXGXASVKXWPVETVBMYIXCKNNAEMQZVHQDGYRHUMLSTORUGPCHLTWOMQQPCJAOUVBEOZURPQUPBGPGAGRREPBGJGUJUHLESMKFSAE</driverLicenceNumber>
		<driverName>Sharon Clements</driverName>
	</record>
	<record>
		<containerID>658997</containerID>
		<destination>Altidona</destination>
		<origin>Pukekohe</origin>
		<truckRegistrationNumber>195</truckRegistrationNumber>
		<needPowerPoint>true</needPowerPoint>
		<driverLicenceNumber>IFA09OWZ7ASANJRGGUXDVLAVYCUKGTZJXCQMIBJIXZJNUPNNWGNKKDKNRUJWTZKBTGIOZELVMZZMORYIBWEDEOTDCCSHHPQQRYIKEDRTPHTLHQNVFHDKRCKWUHHSLSFYDKEZAOYKVWYHAZYZSXXZNXUFBEWAVNUBJKGPGSEOZRUMB</driverLicenceNumber>
		<driverName>Britanni Crosby</driverName>
	</record>
	<record>
		<containerID>JR66 4DT</containerID>
		<destination>Etawah</destination>
		<origin>Jalgaon</origin>
		<truckRegistrationNumber>213</truckRegistrationNumber>
		<needPowerPoint>false</needPowerPoint>
		<driverLicenceNumber>LVL72IVX6VNVLNVIDQHYLOJILQZFRBLGRNGKVZULPVOEKCNNNJYLUBKQTRRGCWYMDTDQJRXRMDVATFPIVZMGMZHIZXNMXTNXAJRJRVOENICFNLDPIKPFVIPIYPRUCILQXRYNQOPXQUYVHBFUDQTPQIEEVYZPZNVKHJLJPASQFJWBE</driverLicenceNumber>
		<driverName>Lucy Watkins</driverName>
	</record>
	<record>
		<containerID>67634</containerID>
		<destination>Kansas City</destination>
		<origin>Jackson</origin>
		<truckRegistrationNumber>291</truckRegistrationNumber>
		<needPowerPoint>true</needPowerPoint>
		<driverLicenceNumber>YJF59WTV7XZTZQCUFOBYUTXPGBQMJXBLHUKLISGZYVHEBPQQBOLPPSVDFTVWQMJGTSYRBDUGTLUYIEKYODCRLTHPHIOFOPBJAYZLVBFYKSUSGUBPDEMGGHOMJDNXQOWPNFNCFQOJZSIOJEKAQYPFOBULGXOKEMMQTTOEDRMYNEJCA</driverLicenceNumber>
		<driverName>Ramona Fleming</driverName>
	</record>
	<record>
		<containerID>57323</containerID>
		<destination>Jönköping</destination>
		<origin>Anlier</origin>
		<truckRegistrationNumber>277</truckRegistrationNumber>
		<needPowerPoint>false</needPowerPoint>
		<driverLicenceNumber>NYT32BVH8SXYRHQHXLLBWGUUQXEMKHPSKDLFFTPLIPIFABQTIHCBKSYMPNCZGJJZMNQSADKIZBHPPBDFOJGVRSSHAIMCOFVDHNMSODGHLKSCZGALPHQWXFKYHEKEVTRXXLRTGWCXUPKHLHIVHQAWFEJRJQORBTESLRIXWFVZGUYDX</driverLicenceNumber>
		<driverName>Rosalyn Crawford</driverName>
	</record>
	<record>
		<containerID>52284</containerID>
		<destination>Norman Wells</destination>
		<origin>Chiavari</origin>
		<truckRegistrationNumber>159</truckRegistrationNumber>
		<needPowerPoint>false</needPowerPoint>
		<driverLicenceNumber>GAB80XZI4MONOJZUGWHXEFFDATDSPBENFDZDIKNJXJFOJPMHSQJUNTHGGUKVGRYTOHQAYTEYJERUAMQMHBCUHTSGEQDQZBBUXLGGKQHEGEDOVAMDKBXJXBUXVQJHGNFSJDNRDTGYKLQJTGQOZCWDQKPEQACSUZNAWITAOWZEEEWZO</driverLicenceNumber>
		<driverName>Craig Richmond</driverName>
	</record>
	<record>
		<containerID>9529</containerID>
		<destination>Merbes-Sainte-Marie</destination>
		<origin>Raj Nandgaon</origin>
		<truckRegistrationNumber>198</truckRegistrationNumber>
		<needPowerPoint>true</needPowerPoint>
		<driverLicenceNumber>IVZ94QDY8BRUTBOVUMEWUOIIXSRJMVURUGJCLOABDDOTYDZWRPPNYMENDTXKELLLPOBAREHNLWYPRRQYNXCEBGKWCHHZKQNMWFMITGNIVAOZLJYLVXDBFJCHHAYPTKBNMTGHAEVYHPQCWPTWFTRZSJMNGSKDZAKVWWMHEBWLXGDEC</driverLicenceNumber>
		<driverName>Kimberley Jimenez</driverName>
	</record>
	<record>
		<containerID>8523</containerID>
		<destination>Essex</destination>
		<origin>Mount Pearl</origin>
		<truckRegistrationNumber>105</truckRegistrationNumber>
		<needPowerPoint>false</needPowerPoint>
		<driverLicenceNumber>XBH83JHY5ALODYJRTLZKULYLVHLUFQBHZKVBXGQKOYUOKHPAFJLVMYGQYNPYPJJZBGEKFHSIZDVDVAPQTBWOGXUOPSFFDHPWXLJAIJNQBJUVUYNCTQLGMCXJTGNXAQKQLFWUVQMIXEXFXSVNOQKDNPHLJNNGKQLSMWMMFUOLIQJQI</driverLicenceNumber>
		<driverName>Madeson Weber</driverName>
	</record>
	<record>
		<containerID>07280</containerID>
		<destination>Dgelis</destination>
		<origin>Coldstream</origin>
		<truckRegistrationNumber>93</truckRegistrationNumber>
		<needPowerPoint>true</needPowerPoint>
		<driverLicenceNumber>GEI50IMK2RCQJNSGRGBLWTPGZYARUIFDILLVWQHKYWEHSPHZHYNDAMKAMJVZOCVLSPTKHDSOEOUAQZNETRUPXNBEPGMETQINSZQTSFYINKECNJDRPCAMRNLDCJQXVCKZHXRXQPPCTYHYAJHXGWUKREQDHFRLCQETYXWZIHJMISCTX</driverLicenceNumber>
		<driverName>Howard Mullen</driverName>
	</record>
	<record>
		<containerID>CZ5 1NT</containerID>
		<destination>York</destination>
		<origin>San Giovanni la Punta</origin>
		<truckRegistrationNumber>8</truckRegistrationNumber>
		<needPowerPoint>false</needPowerPoint>
		<driverLicenceNumber>PQG27XNX8ITEGOENHVDCYNFRNMVPQSEOWJSLXMNOVWGJXWQULLRVZKGMGYZRGDZFFNGRZOISMAQTDVQCDHGPIYSSMDEDZZFWRNGKQKHRACZATSVUVCQDNSGFZMZYYTUJSRBCFHOXHPXSWPJWTAMQOMNNVRBMSNYQEXWVHSCFCWOHO</driverLicenceNumber>
		<driverName>Valentine Reynolds</driverName>
	</record>
	<record>
		<containerID>21511</containerID>
		<destination>Monte Giberto</destination>
		<origin>Bromyard</origin>
		<truckRegistrationNumber>119</truckRegistrationNumber>
		<needPowerPoint>true</needPowerPoint>
		<driverLicenceNumber>XWG99CNI1NAPMPYNYYWRCHYTOLDMURJEXDQHSIXFJLKWYSAXANSITNPAOYOTCKWUSJPSYMRYUZKHXYQQXDBNYJCONYLEWCMZJPWAYCBTTSQFAHYBTONJHRVGULJPMUYYMYHKTRMDFDZISVNWFHWDWGDXBYCRUPXGJTUIYFQGZAFGS</driverLicenceNumber>
		<driverName>Kermit Fischer</driverName>
	</record>
</records>