<?xml version="1.0" encoding="UTF-8" ?><records>
	<driverCard>
		<companyName>Non Massa Institute</companyName>
		<firstName>Brody</firstName>
		<lastName>Franks</lastName>
		<pin>5516</pin>
		<rfidNumber>18750</rfidNumber>
	</driverCard>
	<driverCard>
		<companyName>Ipsum Institute</companyName>
		<firstName>Jolie</firstName>
		<lastName>Hickman</lastName>
		<pin>2165</pin>
		<rfidNumber>15710</rfidNumber>
	</driverCard>
	<driverCard>
		<companyName>Nibh Corp.</companyName>
		<firstName>Julian</firstName>
		<lastName>Schneider</lastName>
		<pin>2856</pin>
		<rfidNumber>21569</rfidNumber>
	</driverCard>
	<driverCard>
		<companyName>Semper Corp.</companyName>
		<firstName>Lani</firstName>
		<lastName>Jenkins</lastName>
		<pin>3680</pin>
		<rfidNumber>15848</rfidNumber>
	</driverCard>
	<driverCard>
		<companyName>Auctor Consulting</companyName>
		<firstName>Bevis</firstName>
		<lastName>Foster</lastName>
		<pin>9810</pin>
		<rfidNumber>20489</rfidNumber>
	</driverCard>
	<driverCard>
		<companyName>Placerat Cras Dictum Consulting</companyName>
		<firstName>Halla</firstName>
		<lastName>Hobbs</lastName>
		<pin>9417</pin>
		<rfidNumber>25456</rfidNumber>
	</driverCard>
	<driverCard>
		<companyName>Amet Foundation</companyName>
		<firstName>Arthur</firstName>
		<lastName>Hoover</lastName>
		<pin>3320</pin>
		<rfidNumber>24834</rfidNumber>
	</driverCard>
	<driverCard>
		<companyName>Nisi A Odio Limited</companyName>
		<firstName>Zelenia</firstName>
		<lastName>Schroeder</lastName>
		<pin>8687</pin>
		<rfidNumber>13616</rfidNumber>
	</driverCard>
	<driverCard>
		<companyName>Erat Industries</companyName>
		<firstName>Gisela</firstName>
		<lastName>Atkins</lastName>
		<pin>2737</pin>
		<rfidNumber>13843</rfidNumber>
	</driverCard>
	<driverCard>
		<companyName>Scelerisque Neque Sed PC</companyName>
		<firstName>Mannix</firstName>
		<lastName>Irwin</lastName>
		<pin>8339</pin>
		<rfidNumber>20405</rfidNumber>
	</driverCard>
	<driverCard>
		<companyName>Eget Consulting</companyName>
		<firstName>Abel</firstName>
		<lastName>Collins</lastName>
		<pin>6220</pin>
		<rfidNumber>22211</rfidNumber>
	</driverCard>
	<driverCard>
		<companyName>Luctus Et Ultrices Industries</companyName>
		<firstName>Linus</firstName>
		<lastName>Fox</lastName>
		<pin>7062</pin>
		<rfidNumber>19582</rfidNumber>
	</driverCard>
	<driverCard>
		<companyName>Facilisis Suspendisse Commodo Consulting</companyName>
		<firstName>Carson</firstName>
		<lastName>Crawford</lastName>
		<pin>1526</pin>
		<rfidNumber>23603</rfidNumber>
	</driverCard>
	<driverCard>
		<companyName>Magnis Dis Parturient Foundation</companyName>
		<firstName>Fay</firstName>
		<lastName>Swanson</lastName>
		<pin>2278</pin>
		<rfidNumber>29308</rfidNumber>
	</driverCard>
	<driverCard>
		<companyName>Quam PC</companyName>
		<firstName>Scott</firstName>
		<lastName>Meyer</lastName>
		<pin>7733</pin>
		<rfidNumber>13286</rfidNumber>
	</driverCard>
	<driverCard>
		<companyName>Sed Eget Lacus Incorporated</companyName>
		<firstName>Jason</firstName>
		<lastName>Saunders</lastName>
		<pin>3805</pin>
		<rfidNumber>24155</rfidNumber>
	</driverCard>
	<driverCard>
		<companyName>Ultrices Consulting</companyName>
		<firstName>Britanni</firstName>
		<lastName>Glenn</lastName>
		<pin>2853</pin>
		<rfidNumber>23693</rfidNumber>
	</driverCard>
	<driverCard>
		<companyName>Ridiculus Mus Company</companyName>
		<firstName>Jena</firstName>
		<lastName>Russell</lastName>
		<pin>8414</pin>
		<rfidNumber>12365</rfidNumber>
	</driverCard>
	<driverCard>
		<companyName>Donec Ltd</companyName>
		<firstName>Olivia</firstName>
		<lastName>Avery</lastName>
		<pin>3633</pin>
		<rfidNumber>23994</rfidNumber>
	</driverCard>
	<driverCard>
		<companyName>Ultrices Vivamus Industries</companyName>
		<firstName>Graham</firstName>
		<lastName>Shaw</lastName>
		<pin>3867</pin>
		<rfidNumber>29530</rfidNumber>
	</driverCard>
	<driverCard>
		<companyName>Sed Institute</companyName>
		<firstName>Oren</firstName>
		<lastName>Levy</lastName>
		<pin>7857</pin>
		<rfidNumber>29190</rfidNumber>
	</driverCard>
	<driverCard>
		<companyName>Non Sapien Molestie Corp.</companyName>
		<firstName>Colton</firstName>
		<lastName>Moss</lastName>
		<pin>8545</pin>
		<rfidNumber>22090</rfidNumber>
	</driverCard>
	<driverCard>
		<companyName>Dui Quis Accumsan Ltd</companyName>
		<firstName>Jonas</firstName>
		<lastName>Phillips</lastName>
		<pin>8636</pin>
		<rfidNumber>19843</rfidNumber>
	</driverCard>
	<driverCard>
		<companyName>Odio Inc.</companyName>
		<firstName>Lee</firstName>
		<lastName>Blake</lastName>
		<pin>1491</pin>
		<rfidNumber>10499</rfidNumber>
	</driverCard>
	<driverCard>
		<companyName>Aenean Gravida Corp.</companyName>
		<firstName>Wallace</firstName>
		<lastName>Scott</lastName>
		<pin>8161</pin>
		<rfidNumber>10204</rfidNumber>
	</driverCard>
	<driverCard>
		<companyName>Aliquet Institute</companyName>
		<firstName>Plato</firstName>
		<lastName>Sexton</lastName>
		<pin>7177</pin>
		<rfidNumber>18504</rfidNumber>
	</driverCard>
	<driverCard>
		<companyName>Orci Consectetuer Corp.</companyName>
		<firstName>Rosalyn</firstName>
		<lastName>Rivera</lastName>
		<pin>6146</pin>
		<rfidNumber>21956</rfidNumber>
	</driverCard>
	<driverCard>
		<companyName>A Facilisis LLP</companyName>
		<firstName>Cameron</firstName>
		<lastName>Wood</lastName>
		<pin>1636</pin>
		<rfidNumber>22438</rfidNumber>
	</driverCard>
	<driverCard>
		<companyName>Vel Turpis Aliquam Institute</companyName>
		<firstName>Owen</firstName>
		<lastName>West</lastName>
		<pin>3830</pin>
		<rfidNumber>12759</rfidNumber>
	</driverCard>
	<driverCard>
		<companyName>Mattis Integer Eu Limited</companyName>
		<firstName>Ella</firstName>
		<lastName>Lewis</lastName>
		<pin>7841</pin>
		<rfidNumber>24454</rfidNumber>
	</driverCard>
	<driverCard>
		<companyName>Enim Industries</companyName>
		<firstName>Dominic</firstName>
		<lastName>Gibson</lastName>
		<pin>5537</pin>
		<rfidNumber>14150</rfidNumber>
	</driverCard>
	<driverCard>
		<companyName>Aliquam Enim Nec Consulting</companyName>
		<firstName>Lewis</firstName>
		<lastName>Moon</lastName>
		<pin>3899</pin>
		<rfidNumber>14634</rfidNumber>
	</driverCard>
	<driverCard>
		<companyName>Eu Dui Corp.</companyName>
		<firstName>Jessica</firstName>
		<lastName>Delaney</lastName>
		<pin>2122</pin>
		<rfidNumber>28332</rfidNumber>
	</driverCard>
	<driverCard>
		<companyName>Ac Nulla Company</companyName>
		<firstName>Madonna</firstName>
		<lastName>Rose</lastName>
		<pin>6370</pin>
		<rfidNumber>16890</rfidNumber>
	</driverCard>
	<driverCard>
		<companyName>Lacus Ut LLP</companyName>
		<firstName>Gary</firstName>
		<lastName>Pittman</lastName>
		<pin>4653</pin>
		<rfidNumber>24769</rfidNumber>
	</driverCard>
	<driverCard>
		<companyName>Mauris Vestibulum Neque Foundation</companyName>
		<firstName>Shaeleigh</firstName>
		<lastName>Hardy</lastName>
		<pin>3746</pin>
		<rfidNumber>10562</rfidNumber>
	</driverCard>
	<driverCard>
		<companyName>Lectus Nullam Consulting</companyName>
		<firstName>Graham</firstName>
		<lastName>Garza</lastName>
		<pin>5903</pin>
		<rfidNumber>28924</rfidNumber>
	</driverCard>
	<driverCard>
		<companyName>Ipsum Incorporated</companyName>
		<firstName>Xanthus</firstName>
		<lastName>Bruce</lastName>
		<pin>9219</pin>
		<rfidNumber>22933</rfidNumber>
	</driverCard>
	<driverCard>
		<companyName>Auctor Company</companyName>
		<firstName>Noelle</firstName>
		<lastName>Fuentes</lastName>
		<pin>8977</pin>
		<rfidNumber>15120</rfidNumber>
	</driverCard>
	<driverCard>
		<companyName>Suspendisse Corporation</companyName>
		<firstName>Debra</firstName>
		<lastName>Richmond</lastName>
		<pin>4092</pin>
		<rfidNumber>25539</rfidNumber>
	</driverCard>
	<driverCard>
		<companyName>Ac LLP</companyName>
		<firstName>Medge</firstName>
		<lastName>Bennett</lastName>
		<pin>1952</pin>
		<rfidNumber>17214</rfidNumber>
	</driverCard>
	<driverCard>
		<companyName>Dui Nec Limited</companyName>
		<firstName>Alice</firstName>
		<lastName>Giles</lastName>
		<pin>9196</pin>
		<rfidNumber>14459</rfidNumber>
	</driverCard>
	<driverCard>
		<companyName>Amet Consulting</companyName>
		<firstName>Griffin</firstName>
		<lastName>Graves</lastName>
		<pin>2345</pin>
		<rfidNumber>24358</rfidNumber>
	</driverCard>
	<driverCard>
		<companyName>Sem Eget Massa Incorporated</companyName>
		<firstName>Jaquelyn</firstName>
		<lastName>Mcneil</lastName>
		<pin>7844</pin>
		<rfidNumber>23567</rfidNumber>
	</driverCard>
	<driverCard>
		<companyName>Natoque Industries</companyName>
		<firstName>Hilel</firstName>
		<lastName>Lynn</lastName>
		<pin>6501</pin>
		<rfidNumber>25259</rfidNumber>
	</driverCard>
	<driverCard>
		<companyName>Amet Industries</companyName>
		<firstName>Brandon</firstName>
		<lastName>Patrick</lastName>
		<pin>6127</pin>
		<rfidNumber>20250</rfidNumber>
	</driverCard>
	<driverCard>
		<companyName>Aliquam Auctor Velit PC</companyName>
		<firstName>Blaze</firstName>
		<lastName>Kennedy</lastName>
		<pin>3408</pin>
		<rfidNumber>11744</rfidNumber>
	</driverCard>
	<driverCard>
		<companyName>Risus Consulting</companyName>
		<firstName>Christopher</firstName>
		<lastName>Kline</lastName>
		<pin>3929</pin>
		<rfidNumber>18886</rfidNumber>
	</driverCard>
	<driverCard>
		<companyName>Justo Corp.</companyName>
		<firstName>Scott</firstName>
		<lastName>Byrd</lastName>
		<pin>1949</pin>
		<rfidNumber>21950</rfidNumber>
	</driverCard>
	<driverCard>
		<companyName>Curae; Phasellus Associates</companyName>
		<firstName>Fallon</firstName>
		<lastName>Rodgers</lastName>
		<pin>5170</pin>
		<rfidNumber>14207</rfidNumber>
	</driverCard>
	<driverCard>
		<companyName>Libero Foundation</companyName>
		<firstName>Callum</firstName>
		<lastName>Rivers</lastName>
		<pin>7210</pin>
		<rfidNumber>24073</rfidNumber>
	</driverCard>
	<driverCard>
		<companyName>Urna Convallis Foundation</companyName>
		<firstName>Raven</firstName>
		<lastName>Jimenez</lastName>
		<pin>6468</pin>
		<rfidNumber>18266</rfidNumber>
	</driverCard>
	<driverCard>
		<companyName>Senectus Et Limited</companyName>
		<firstName>Burke</firstName>
		<lastName>Barry</lastName>
		<pin>7430</pin>
		<rfidNumber>11349</rfidNumber>
	</driverCard>
	<driverCard>
		<companyName>Arcu Sed LLP</companyName>
		<firstName>Lila</firstName>
		<lastName>Castro</lastName>
		<pin>2946</pin>
		<rfidNumber>17172</rfidNumber>
	</driverCard>
	<driverCard>
		<companyName>Natoque Ltd</companyName>
		<firstName>Lois</firstName>
		<lastName>Wells</lastName>
		<pin>5946</pin>
		<rfidNumber>19713</rfidNumber>
	</driverCard>
	<driverCard>
		<companyName>Orci Consectetuer Euismod Ltd</companyName>
		<firstName>Elijah</firstName>
		<lastName>Maldonado</lastName>
		<pin>8699</pin>
		<rfidNumber>16906</rfidNumber>
	</driverCard>
	<driverCard>
		<companyName>Magna LLC</companyName>
		<firstName>Eve</firstName>
		<lastName>Collins</lastName>
		<pin>2333</pin>
		<rfidNumber>25613</rfidNumber>
	</driverCard>
	<driverCard>
		<companyName>Scelerisque Lorem Foundation</companyName>
		<firstName>Nasim</firstName>
		<lastName>Graham</lastName>
		<pin>4215</pin>
		<rfidNumber>18932</rfidNumber>
	</driverCard>
	<driverCard>
		<companyName>Sed Congue Elit Corp.</companyName>
		<firstName>Cailin</firstName>
		<lastName>Sanford</lastName>
		<pin>3498</pin>
		<rfidNumber>11482</rfidNumber>
	</driverCard>
	<driverCard>
		<companyName>Senectus Et Netus LLP</companyName>
		<firstName>Bevis</firstName>
		<lastName>Flores</lastName>
		<pin>7074</pin>
		<rfidNumber>16643</rfidNumber>
	</driverCard>
	<driverCard>
		<companyName>Enim Sit Amet Associates</companyName>
		<firstName>Warren</firstName>
		<lastName>Alvarado</lastName>
		<pin>8067</pin>
		<rfidNumber>16911</rfidNumber>
	</driverCard>
	<driverCard>
		<companyName>Euismod Ltd</companyName>
		<firstName>Madison</firstName>
		<lastName>Bonner</lastName>
		<pin>8310</pin>
		<rfidNumber>23372</rfidNumber>
	</driverCard>
	<driverCard>
		<companyName>Sed Dictum Industries</companyName>
		<firstName>Martina</firstName>
		<lastName>Graham</lastName>
		<pin>4310</pin>
		<rfidNumber>18873</rfidNumber>
	</driverCard>
	<driverCard>
		<companyName>Erat Semper Rutrum Corp.</companyName>
		<firstName>Sawyer</firstName>
		<lastName>Chase</lastName>
		<pin>5647</pin>
		<rfidNumber>28132</rfidNumber>
	</driverCard>
	<driverCard>
		<companyName>Aliquam Iaculis Lacus Corp.</companyName>
		<firstName>Christine</firstName>
		<lastName>Fisher</lastName>
		<pin>7260</pin>
		<rfidNumber>16654</rfidNumber>
	</driverCard>
	<driverCard>
		<companyName>Vitae Aliquam Eros Corp.</companyName>
		<firstName>Tatiana</firstName>
		<lastName>Mcguire</lastName>
		<pin>7850</pin>
		<rfidNumber>22684</rfidNumber>
	</driverCard>
	<driverCard>
		<companyName>Egestas Corporation</companyName>
		<firstName>Nina</firstName>
		<lastName>Chen</lastName>
		<pin>3974</pin>
		<rfidNumber>12883</rfidNumber>
	</driverCard>
	<driverCard>
		<companyName>Donec Industries</companyName>
		<firstName>Briar</firstName>
		<lastName>Michael</lastName>
		<pin>6919</pin>
		<rfidNumber>16735</rfidNumber>
	</driverCard>
	<driverCard>
		<companyName>Massa Foundation</companyName>
		<firstName>Griffin</firstName>
		<lastName>Ball</lastName>
		<pin>1961</pin>
		<rfidNumber>27148</rfidNumber>
	</driverCard>
	<driverCard>
		<companyName>Sem Vitae Limited</companyName>
		<firstName>Adam</firstName>
		<lastName>Savage</lastName>
		<pin>3072</pin>
		<rfidNumber>18385</rfidNumber>
	</driverCard>
	<driverCard>
		<companyName>Erat In Consectetuer Consulting</companyName>
		<firstName>Ora</firstName>
		<lastName>French</lastName>
		<pin>2581</pin>
		<rfidNumber>26437</rfidNumber>
	</driverCard>
	<driverCard>
		<companyName>Nonummy Ipsum Non PC</companyName>
		<firstName>Cassidy</firstName>
		<lastName>Rich</lastName>
		<pin>2690</pin>
		<rfidNumber>17603</rfidNumber>
	</driverCard>
	<driverCard>
		<companyName>Eu Placerat Eget PC</companyName>
		<firstName>Christopher</firstName>
		<lastName>Hicks</lastName>
		<pin>4777</pin>
		<rfidNumber>12822</rfidNumber>
	</driverCard>
	<driverCard>
		<companyName>Aliquam Auctor LLP</companyName>
		<firstName>Akeem</firstName>
		<lastName>Walsh</lastName>
		<pin>8287</pin>
		<rfidNumber>25349</rfidNumber>
	</driverCard>
	<driverCard>
		<companyName>Dui Fusce Ltd</companyName>
		<firstName>Sacha</firstName>
		<lastName>Marsh</lastName>
		<pin>8259</pin>
		<rfidNumber>12513</rfidNumber>
	</driverCard>
	<driverCard>
		<companyName>Aliquet Libero Inc.</companyName>
		<firstName>Joy</firstName>
		<lastName>Rojas</lastName>
		<pin>8197</pin>
		<rfidNumber>21833</rfidNumber>
	</driverCard>
	<driverCard>
		<companyName>Eu Ultrices Sit Industries</companyName>
		<firstName>Lacota</firstName>
		<lastName>Rowland</lastName>
		<pin>4136</pin>
		<rfidNumber>27531</rfidNumber>
	</driverCard>
	<driverCard>
		<companyName>A Corporation</companyName>
		<firstName>Karleigh</firstName>
		<lastName>Hopkins</lastName>
		<pin>7426</pin>
		<rfidNumber>11021</rfidNumber>
	</driverCard>
	<driverCard>
		<companyName>Morbi Neque Tellus Incorporated</companyName>
		<firstName>Samson</firstName>
		<lastName>Scott</lastName>
		<pin>5623</pin>
		<rfidNumber>28678</rfidNumber>
	</driverCard>
	<driverCard>
		<companyName>Blandit Viverra Foundation</companyName>
		<firstName>Mariko</firstName>
		<lastName>Fuentes</lastName>
		<pin>9166</pin>
		<rfidNumber>12135</rfidNumber>
	</driverCard>
	<driverCard>
		<companyName>Lobortis Ultrices Foundation</companyName>
		<firstName>Damian</firstName>
		<lastName>Haney</lastName>
		<pin>4113</pin>
		<rfidNumber>15338</rfidNumber>
	</driverCard>
	<driverCard>
		<companyName>Eleifend Nec Malesuada PC</companyName>
		<firstName>Chase</firstName>
		<lastName>Cantrell</lastName>
		<pin>4415</pin>
		<rfidNumber>19423</rfidNumber>
	</driverCard>
	<driverCard>
		<companyName>At Inc.</companyName>
		<firstName>Jolie</firstName>
		<lastName>Wright</lastName>
		<pin>5003</pin>
		<rfidNumber>21593</rfidNumber>
	</driverCard>
	<driverCard>
		<companyName>Amet Inc.</companyName>
		<firstName>Yuri</firstName>
		<lastName>Yang</lastName>
		<pin>1838</pin>
		<rfidNumber>26427</rfidNumber>
	</driverCard>
	<driverCard>
		<companyName>Arcu Eu Odio Incorporated</companyName>
		<firstName>Mason</firstName>
		<lastName>Douglas</lastName>
		<pin>4201</pin>
		<rfidNumber>12449</rfidNumber>
	</driverCard>
	<driverCard>
		<companyName>Libero At Auctor Consulting</companyName>
		<firstName>Oren</firstName>
		<lastName>Barrera</lastName>
		<pin>7494</pin>
		<rfidNumber>19289</rfidNumber>
	</driverCard>
	<driverCard>
		<companyName>Dolor Consulting</companyName>
		<firstName>Denise</firstName>
		<lastName>Lawson</lastName>
		<pin>4461</pin>
		<rfidNumber>10390</rfidNumber>
	</driverCard>
	<driverCard>
		<companyName>Nisl Limited</companyName>
		<firstName>Wynter</firstName>
		<lastName>Golden</lastName>
		<pin>9112</pin>
		<rfidNumber>17877</rfidNumber>
	</driverCard>
	<driverCard>
		<companyName>Gravida Incorporated</companyName>
		<firstName>Signe</firstName>
		<lastName>Freeman</lastName>
		<pin>2478</pin>
		<rfidNumber>29399</rfidNumber>
	</driverCard>
	<driverCard>
		<companyName>Lacus Aliquam Institute</companyName>
		<firstName>Bradley</firstName>
		<lastName>Wilcox</lastName>
		<pin>2310</pin>
		<rfidNumber>23849</rfidNumber>
	</driverCard>
	<driverCard>
		<companyName>Eu Incorporated</companyName>
		<firstName>Ethan</firstName>
		<lastName>Carpenter</lastName>
		<pin>5831</pin>
		<rfidNumber>12409</rfidNumber>
	</driverCard>
	<driverCard>
		<companyName>Ipsum PC</companyName>
		<firstName>Isaiah</firstName>
		<lastName>Dale</lastName>
		<pin>5573</pin>
		<rfidNumber>23692</rfidNumber>
	</driverCard>
	<driverCard>
		<companyName>Facilisis Corporation</companyName>
		<firstName>Charlotte</firstName>
		<lastName>Cochran</lastName>
		<pin>2576</pin>
		<rfidNumber>19688</rfidNumber>
	</driverCard>
	<driverCard>
		<companyName>Adipiscing Ligula PC</companyName>
		<firstName>Walker</firstName>
		<lastName>Keith</lastName>
		<pin>2498</pin>
		<rfidNumber>11766</rfidNumber>
	</driverCard>
	<driverCard>
		<companyName>Ante Nunc Consulting</companyName>
		<firstName>Quamar</firstName>
		<lastName>Baxter</lastName>
		<pin>4310</pin>
		<rfidNumber>12601</rfidNumber>
	</driverCard>
	<driverCard>
		<companyName>Non Lacinia Corp.</companyName>
		<firstName>Zelenia</firstName>
		<lastName>Reese</lastName>
		<pin>9316</pin>
		<rfidNumber>23126</rfidNumber>
	</driverCard>
	<driverCard>
		<companyName>Phasellus In Corporation</companyName>
		<firstName>Freya</firstName>
		<lastName>Hoover</lastName>
		<pin>4885</pin>
		<rfidNumber>29720</rfidNumber>
	</driverCard>
	<driverCard>
		<companyName>Libero Consulting</companyName>
		<firstName>Abigail</firstName>
		<lastName>Shields</lastName>
		<pin>6654</pin>
		<rfidNumber>12978</rfidNumber>
	</driverCard>
	<driverCard>
		<companyName>Urna Nullam Lobortis Corp.</companyName>
		<firstName>September</firstName>
		<lastName>Medina</lastName>
		<pin>3100</pin>
		<rfidNumber>19212</rfidNumber>
	</driverCard>
	<driverCard>
		<companyName>Amet Associates</companyName>
		<firstName>Yeo</firstName>
		<lastName>Dillon</lastName>
		<pin>5123</pin>
		<rfidNumber>13020</rfidNumber>
	</driverCard>
</records>