<?xml version="1.0" encoding="UTF-8" ?><records>
	<operator>
		<currentGate>674</currentGate>
		<firstName>Xandra</firstName>
		<idNum>877</idNum>
		<lastName>Kemp</lastName>
		<pin>5827</pin>
	</operator>
	<operator>
		<currentGate>431</currentGate>
		<firstName>Jade</firstName>
		<idNum>855</idNum>
		<lastName>Reese</lastName>
		<pin>6995</pin>
	</operator>
	<operator>
		<currentGate>814</currentGate>
		<firstName>Dante</firstName>
		<idNum>729</idNum>
		<lastName>Hooper</lastName>
		<pin>3020</pin>
	</operator>
	<operator>
		<currentGate>558</currentGate>
		<firstName>Ivory</firstName>
		<idNum>566</idNum>
		<lastName>Greene</lastName>
		<pin>8336</pin>
	</operator>
	<operator>
		<currentGate>625</currentGate>
		<firstName>Ulla</firstName>
		<idNum>237</idNum>
		<lastName>Jones</lastName>
		<pin>7158</pin>
	</operator>
	<operator>
		<currentGate>474</currentGate>
		<firstName>Anne</firstName>
		<idNum>685</idNum>
		<lastName>Mcdaniel</lastName>
		<pin>5217</pin>
	</operator>
	<operator>
		<currentGate>761</currentGate>
		<firstName>Darryl</firstName>
		<idNum>410</idNum>
		<lastName>Valencia</lastName>
		<pin>2865</pin>
	</operator>
	<operator>
		<currentGate>964</currentGate>
		<firstName>Kato</firstName>
		<idNum>905</idNum>
		<lastName>Hansen</lastName>
		<pin>6992</pin>
	</operator>
	<operator>
		<currentGate>811</currentGate>
		<firstName>Blossom</firstName>
		<idNum>418</idNum>
		<lastName>Lowe</lastName>
		<pin>6904</pin>
	</operator>
	<operator>
		<currentGate>885</currentGate>
		<firstName>Cynthia</firstName>
		<idNum>868</idNum>
		<lastName>Pace</lastName>
		<pin>8938</pin>
	</operator>
	<operator>
		<currentGate>892</currentGate>
		<firstName>Helen</firstName>
		<idNum>479</idNum>
		<lastName>Vinson</lastName>
		<pin>7015</pin>
	</operator>
	<operator>
		<currentGate>453</currentGate>
		<firstName>Lane</firstName>
		<idNum>200</idNum>
		<lastName>Cain</lastName>
		<pin>7980</pin>
	</operator>
	<operator>
		<currentGate>894</currentGate>
		<firstName>Daria</firstName>
		<idNum>666</idNum>
		<lastName>Howell</lastName>
		<pin>2168</pin>
	</operator>
	<operator>
		<currentGate>682</currentGate>
		<firstName>Maia</firstName>
		<idNum>893</idNum>
		<lastName>Greer</lastName>
		<pin>7882</pin>
	</operator>
	<operator>
		<currentGate>188</currentGate>
		<firstName>Germane</firstName>
		<idNum>556</idNum>
		<lastName>Terry</lastName>
		<pin>4040</pin>
	</operator>
	<operator>
		<currentGate>419</currentGate>
		<firstName>Chiquita</firstName>
		<idNum>996</idNum>
		<lastName>Barber</lastName>
		<pin>8969</pin>
	</operator>
	<operator>
		<currentGate>999</currentGate>
		<firstName>Richard</firstName>
		<idNum>486</idNum>
		<lastName>Washington</lastName>
		<pin>8835</pin>
	</operator>
	<operator>
		<currentGate>579</currentGate>
		<firstName>Wade</firstName>
		<idNum>457</idNum>
		<lastName>Reid</lastName>
		<pin>6399</pin>
	</operator>
	<operator>
		<currentGate>848</currentGate>
		<firstName>Quincy</firstName>
		<idNum>963</idNum>
		<lastName>Weaver</lastName>
		<pin>7995</pin>
	</operator>
	<operator>
		<currentGate>511</currentGate>
		<firstName>Bell</firstName>
		<idNum>666</idNum>
		<lastName>King</lastName>
		<pin>9786</pin>
	</operator>
	<operator>
		<currentGate>60</currentGate>
		<firstName>Ima</firstName>
		<idNum>776</idNum>
		<lastName>Griffith</lastName>
		<pin>9909</pin>
	</operator>
	<operator>
		<currentGate>635</currentGate>
		<firstName>Ina</firstName>
		<idNum>797</idNum>
		<lastName>Adams</lastName>
		<pin>3450</pin>
	</operator>
	<operator>
		<currentGate>564</currentGate>
		<firstName>Brendan</firstName>
		<idNum>943</idNum>
		<lastName>Blackwell</lastName>
		<pin>7024</pin>
	</operator>
	<operator>
		<currentGate>506</currentGate>
		<firstName>Shaeleigh</firstName>
		<idNum>999</idNum>
		<lastName>Stanley</lastName>
		<pin>3383</pin>
	</operator>
	<operator>
		<currentGate>937</currentGate>
		<firstName>Ray</firstName>
		<idNum>172</idNum>
		<lastName>Wood</lastName>
		<pin>7472</pin>
	</operator>
	<operator>
		<currentGate>707</currentGate>
		<firstName>Jin</firstName>
		<idNum>872</idNum>
		<lastName>Faulkner</lastName>
		<pin>4089</pin>
	</operator>
	<operator>
		<currentGate>784</currentGate>
		<firstName>Honorato</firstName>
		<idNum>452</idNum>
		<lastName>Carney</lastName>
		<pin>1488</pin>
	</operator>
	<operator>
		<currentGate>143</currentGate>
		<firstName>David</firstName>
		<idNum>545</idNum>
		<lastName>Ballard</lastName>
		<pin>3793</pin>
	</operator>
	<operator>
		<currentGate>633</currentGate>
		<firstName>Tatyana</firstName>
		<idNum>559</idNum>
		<lastName>Sandoval</lastName>
		<pin>8098</pin>
	</operator>
	<operator>
		<currentGate>552</currentGate>
		<firstName>Calvin</firstName>
		<idNum>710</idNum>
		<lastName>Bullock</lastName>
		<pin>2768</pin>
	</operator>
	<operator>
		<currentGate>775</currentGate>
		<firstName>Rhiannon</firstName>
		<idNum>424</idNum>
		<lastName>Hunter</lastName>
		<pin>6675</pin>
	</operator>
	<operator>
		<currentGate>293</currentGate>
		<firstName>Yoshi</firstName>
		<idNum>856</idNum>
		<lastName>Boyle</lastName>
		<pin>5692</pin>
	</operator>
	<operator>
		<currentGate>985</currentGate>
		<firstName>Nora</firstName>
		<idNum>975</idNum>
		<lastName>Bolton</lastName>
		<pin>9838</pin>
	</operator>
	<operator>
		<currentGate>690</currentGate>
		<firstName>Nina</firstName>
		<idNum>931</idNum>
		<lastName>Briggs</lastName>
		<pin>9440</pin>
	</operator>
	<operator>
		<currentGate>319</currentGate>
		<firstName>Petra</firstName>
		<idNum>256</idNum>
		<lastName>Powell</lastName>
		<pin>1365</pin>
	</operator>
	<operator>
		<currentGate>449</currentGate>
		<firstName>Rhona</firstName>
		<idNum>193</idNum>
		<lastName>Burke</lastName>
		<pin>8856</pin>
	</operator>
	<operator>
		<currentGate>93</currentGate>
		<firstName>Ursa</firstName>
		<idNum>980</idNum>
		<lastName>Hale</lastName>
		<pin>9818</pin>
	</operator>
	<operator>
		<currentGate>291</currentGate>
		<firstName>Casey</firstName>
		<idNum>168</idNum>
		<lastName>Hodge</lastName>
		<pin>3358</pin>
	</operator>
	<operator>
		<currentGate>927</currentGate>
		<firstName>Aquila</firstName>
		<idNum>523</idNum>
		<lastName>Lloyd</lastName>
		<pin>3966</pin>
	</operator>
	<operator>
		<currentGate>924</currentGate>
		<firstName>Sean</firstName>
		<idNum>618</idNum>
		<lastName>Herring</lastName>
		<pin>9664</pin>
	</operator>
	<operator>
		<currentGate>598</currentGate>
		<firstName>Amy</firstName>
		<idNum>612</idNum>
		<lastName>Carr</lastName>
		<pin>1239</pin>
	</operator>
	<operator>
		<currentGate>119</currentGate>
		<firstName>Ashely</firstName>
		<idNum>987</idNum>
		<lastName>Mullins</lastName>
		<pin>1238</pin>
	</operator>
	<operator>
		<currentGate>243</currentGate>
		<firstName>Echo</firstName>
		<idNum>490</idNum>
		<lastName>Ortiz</lastName>
		<pin>4630</pin>
	</operator>
	<operator>
		<currentGate>420</currentGate>
		<firstName>Duncan</firstName>
		<idNum>149</idNum>
		<lastName>Levine</lastName>
		<pin>2726</pin>
	</operator>
	<operator>
		<currentGate>589</currentGate>
		<firstName>Tashya</firstName>
		<idNum>590</idNum>
		<lastName>Mclaughlin</lastName>
		<pin>3175</pin>
	</operator>
	<operator>
		<currentGate>766</currentGate>
		<firstName>Callie</firstName>
		<idNum>220</idNum>
		<lastName>Duke</lastName>
		<pin>3049</pin>
	</operator>
	<operator>
		<currentGate>652</currentGate>
		<firstName>Althea</firstName>
		<idNum>292</idNum>
		<lastName>Rush</lastName>
		<pin>1190</pin>
	</operator>
	<operator>
		<currentGate>485</currentGate>
		<firstName>Jonah</firstName>
		<idNum>188</idNum>
		<lastName>Holloway</lastName>
		<pin>5075</pin>
	</operator>
	<operator>
		<currentGate>557</currentGate>
		<firstName>Avye</firstName>
		<idNum>241</idNum>
		<lastName>Horn</lastName>
		<pin>6586</pin>
	</operator>
	<operator>
		<currentGate>93</currentGate>
		<firstName>Jeanette</firstName>
		<idNum>431</idNum>
		<lastName>Conrad</lastName>
		<pin>7492</pin>
	</operator>
	<operator>
		<currentGate>425</currentGate>
		<firstName>Tanek</firstName>
		<idNum>878</idNum>
		<lastName>Sexton</lastName>
		<pin>2821</pin>
	</operator>
	<operator>
		<currentGate>559</currentGate>
		<firstName>Fiona</firstName>
		<idNum>483</idNum>
		<lastName>Cline</lastName>
		<pin>1956</pin>
	</operator>
	<operator>
		<currentGate>616</currentGate>
		<firstName>Guinevere</firstName>
		<idNum>870</idNum>
		<lastName>Cobb</lastName>
		<pin>6925</pin>
	</operator>
	<operator>
		<currentGate>485</currentGate>
		<firstName>Walter</firstName>
		<idNum>576</idNum>
		<lastName>Curry</lastName>
		<pin>3201</pin>
	</operator>
	<operator>
		<currentGate>769</currentGate>
		<firstName>Karyn</firstName>
		<idNum>148</idNum>
		<lastName>Soto</lastName>
		<pin>4421</pin>
	</operator>
	<operator>
		<currentGate>416</currentGate>
		<firstName>Lunea</firstName>
		<idNum>794</idNum>
		<lastName>Carroll</lastName>
		<pin>2851</pin>
	</operator>
	<operator>
		<currentGate>644</currentGate>
		<firstName>Odette</firstName>
		<idNum>530</idNum>
		<lastName>Clarke</lastName>
		<pin>5985</pin>
	</operator>
	<operator>
		<currentGate>440</currentGate>
		<firstName>Joelle</firstName>
		<idNum>968</idNum>
		<lastName>Nicholson</lastName>
		<pin>9422</pin>
	</operator>
	<operator>
		<currentGate>597</currentGate>
		<firstName>Shoshana</firstName>
		<idNum>539</idNum>
		<lastName>Moss</lastName>
		<pin>6069</pin>
	</operator>
	<operator>
		<currentGate>910</currentGate>
		<firstName>Tarik</firstName>
		<idNum>764</idNum>
		<lastName>Vinson</lastName>
		<pin>4863</pin>
	</operator>
	<operator>
		<currentGate>646</currentGate>
		<firstName>Baker</firstName>
		<idNum>829</idNum>
		<lastName>Baxter</lastName>
		<pin>3977</pin>
	</operator>
	<operator>
		<currentGate>13</currentGate>
		<firstName>Rhonda</firstName>
		<idNum>668</idNum>
		<lastName>Hunt</lastName>
		<pin>9451</pin>
	</operator>
	<operator>
		<currentGate>518</currentGate>
		<firstName>Carl</firstName>
		<idNum>987</idNum>
		<lastName>Shields</lastName>
		<pin>9222</pin>
	</operator>
	<operator>
		<currentGate>562</currentGate>
		<firstName>Susan</firstName>
		<idNum>799</idNum>
		<lastName>Lynn</lastName>
		<pin>3436</pin>
	</operator>
	<operator>
		<currentGate>308</currentGate>
		<firstName>Carlos</firstName>
		<idNum>251</idNum>
		<lastName>Mcneil</lastName>
		<pin>9520</pin>
	</operator>
	<operator>
		<currentGate>668</currentGate>
		<firstName>Riley</firstName>
		<idNum>945</idNum>
		<lastName>Prince</lastName>
		<pin>6446</pin>
	</operator>
	<operator>
		<currentGate>772</currentGate>
		<firstName>Kaitlin</firstName>
		<idNum>17</idNum>
		<lastName>Clarke</lastName>
		<pin>3617</pin>
	</operator>
	<operator>
		<currentGate>773</currentGate>
		<firstName>Rhona</firstName>
		<idNum>669</idNum>
		<lastName>Harding</lastName>
		<pin>1393</pin>
	</operator>
	<operator>
		<currentGate>406</currentGate>
		<firstName>Uta</firstName>
		<idNum>176</idNum>
		<lastName>Dean</lastName>
		<pin>3599</pin>
	</operator>
	<operator>
		<currentGate>396</currentGate>
		<firstName>Lavinia</firstName>
		<idNum>600</idNum>
		<lastName>Conway</lastName>
		<pin>9543</pin>
	</operator>
	<operator>
		<currentGate>910</currentGate>
		<firstName>Malachi</firstName>
		<idNum>866</idNum>
		<lastName>Dorsey</lastName>
		<pin>5263</pin>
	</operator>
	<operator>
		<currentGate>275</currentGate>
		<firstName>Rhonda</firstName>
		<idNum>141</idNum>
		<lastName>Hamilton</lastName>
		<pin>5632</pin>
	</operator>
	<operator>
		<currentGate>165</currentGate>
		<firstName>Malcolm</firstName>
		<idNum>499</idNum>
		<lastName>Garza</lastName>
		<pin>9625</pin>
	</operator>
	<operator>
		<currentGate>528</currentGate>
		<firstName>Armand</firstName>
		<idNum>164</idNum>
		<lastName>Marquez</lastName>
		<pin>4354</pin>
	</operator>
	<operator>
		<currentGate>373</currentGate>
		<firstName>Hilel</firstName>
		<idNum>773</idNum>
		<lastName>Shepherd</lastName>
		<pin>7186</pin>
	</operator>
	<operator>
		<currentGate>563</currentGate>
		<firstName>Blake</firstName>
		<idNum>214</idNum>
		<lastName>Cabrera</lastName>
		<pin>1436</pin>
	</operator>
	<operator>
		<currentGate>204</currentGate>
		<firstName>Dominique</firstName>
		<idNum>454</idNum>
		<lastName>Hernandez</lastName>
		<pin>1853</pin>
	</operator>
	<operator>
		<currentGate>860</currentGate>
		<firstName>Buffy</firstName>
		<idNum>322</idNum>
		<lastName>Holden</lastName>
		<pin>7962</pin>
	</operator>
	<operator>
		<currentGate>840</currentGate>
		<firstName>Roary</firstName>
		<idNum>854</idNum>
		<lastName>Stout</lastName>
		<pin>4701</pin>
	</operator>
	<operator>
		<currentGate>509</currentGate>
		<firstName>Wendy</firstName>
		<idNum>691</idNum>
		<lastName>Gould</lastName>
		<pin>1950</pin>
	</operator>
	<operator>
		<currentGate>940</currentGate>
		<firstName>Tyler</firstName>
		<idNum>290</idNum>
		<lastName>Jackson</lastName>
		<pin>1331</pin>
	</operator>
	<operator>
		<currentGate>956</currentGate>
		<firstName>Steel</firstName>
		<idNum>902</idNum>
		<lastName>Tyler</lastName>
		<pin>6007</pin>
	</operator>
	<operator>
		<currentGate>181</currentGate>
		<firstName>Carla</firstName>
		<idNum>16</idNum>
		<lastName>Gibson</lastName>
		<pin>6011</pin>
	</operator>
	<operator>
		<currentGate>971</currentGate>
		<firstName>Duncan</firstName>
		<idNum>401</idNum>
		<lastName>Summers</lastName>
		<pin>9548</pin>
	</operator>
	<operator>
		<currentGate>411</currentGate>
		<firstName>Alea</firstName>
		<idNum>757</idNum>
		<lastName>Reid</lastName>
		<pin>7851</pin>
	</operator>
	<operator>
		<currentGate>369</currentGate>
		<firstName>Kelsey</firstName>
		<idNum>651</idNum>
		<lastName>Davidson</lastName>
		<pin>8836</pin>
	</operator>
	<operator>
		<currentGate>605</currentGate>
		<firstName>Kirestin</firstName>
		<idNum>401</idNum>
		<lastName>Blanchard</lastName>
		<pin>4008</pin>
	</operator>
	<operator>
		<currentGate>842</currentGate>
		<firstName>Samuel</firstName>
		<idNum>358</idNum>
		<lastName>Harrison</lastName>
		<pin>8737</pin>
	</operator>
	<operator>
		<currentGate>611</currentGate>
		<firstName>Maia</firstName>
		<idNum>658</idNum>
		<lastName>Haney</lastName>
		<pin>2297</pin>
	</operator>
	<operator>
		<currentGate>482</currentGate>
		<firstName>Hayfa</firstName>
		<idNum>98</idNum>
		<lastName>Chambers</lastName>
		<pin>2572</pin>
	</operator>
	<operator>
		<currentGate>77</currentGate>
		<firstName>Shana</firstName>
		<idNum>818</idNum>
		<lastName>Irwin</lastName>
		<pin>6422</pin>
	</operator>
	<operator>
		<currentGate>756</currentGate>
		<firstName>Hedy</firstName>
		<idNum>870</idNum>
		<lastName>Petersen</lastName>
		<pin>9027</pin>
	</operator>
	<operator>
		<currentGate>232</currentGate>
		<firstName>Isabelle</firstName>
		<idNum>799</idNum>
		<lastName>Kirkland</lastName>
		<pin>9288</pin>
	</operator>
	<operator>
		<currentGate>991</currentGate>
		<firstName>Melyssa</firstName>
		<idNum>807</idNum>
		<lastName>Carroll</lastName>
		<pin>7678</pin>
	</operator>
	<operator>
		<currentGate>117</currentGate>
		<firstName>Quail</firstName>
		<idNum>993</idNum>
		<lastName>Boone</lastName>
		<pin>4720</pin>
	</operator>
	<operator>
		<currentGate>57</currentGate>
		<firstName>Gloria</firstName>
		<idNum>78</idNum>
		<lastName>Best</lastName>
		<pin>4226</pin>
	</operator>
	<operator>
		<currentGate>726</currentGate>
		<firstName>Jemima</firstName>
		<idNum>589</idNum>
		<lastName>Nguyen</lastName>
		<pin>9205</pin>
	</operator>
	<operator>
		<currentGate>304</currentGate>
		<firstName>Shad</firstName>
		<idNum>122</idNum>
		<lastName>Decker</lastName>
		<pin>9747</pin>
	</operator>
	<operator>
		<currentGate>830</currentGate>
		<firstName>Damon</firstName>
		<idNum>366</idNum>
		<lastName>Hester</lastName>
		<pin>4712</pin>
	</operator>
	<operator>
		<currentGate>691</currentGate>
		<firstName>Charles</firstName>
		<idNum>292</idNum>
		<lastName>Roberts</lastName>
		<pin>1121</pin>
	</operator>
</records>