<?xml version="1.0" encoding="UTF-8" ?><AllVisists>
	<record>
		<containerID>0315</containerID>
		<destination>Montgomery</destination>
		<driversLicence>GVE06VLX1RP</driversLicence>
		<origin>Tay</origin>
		<truckRegistrationNumber>274</truckRegistrationNumber>
		<needPowerPoint>true</needPowerPoint>
		<driverLicenceNumber>YFN96VCL5VH</driverLicenceNumber>
		<driverName>Ian Powers</driverName>
	</record>
	<record>
		<containerID>1424</containerID>
		<destination>Valparaíso</destination>
		<driversLicence>HYV79XJR1RC</driversLicence>
		<origin>Columbia</origin>
		<truckRegistrationNumber>289</truckRegistrationNumber>
		<needPowerPoint>false</needPowerPoint>
		<driverLicenceNumber>LNT04FGO4JI</driverLicenceNumber>
		<driverName>Hilel Perkins</driverName>
	</record>
	<record>
		<containerID>9777</containerID>
		<destination>Pozantı</destination>
		<driversLicence>QUA69SZL1GC</driversLicence>
		<origin>Rocky View</origin>
		<truckRegistrationNumber>223</truckRegistrationNumber>
		<needPowerPoint>true</needPowerPoint>
		<driverLicenceNumber>VTO99UYI3AY</driverLicenceNumber>
		<driverName>Rooney Brewer</driverName>
	</record>
	<record>
		<containerID>4913</containerID>
		<destination>Ipswich</destination>
		<driversLicence>DHC99EVK3FZ</driversLicence>
		<origin>Piana degli Albanesi</origin>
		<truckRegistrationNumber>211</truckRegistrationNumber>
		<needPowerPoint>true</needPowerPoint>
		<driverLicenceNumber>YHX45FAH5PH</driverLicenceNumber>
		<driverName>Chase Pratt</driverName>
	</record>
	<record>
		<containerID>9897</containerID>
		<destination>Anderlecht</destination>
		<driversLicence>NLA50PQJ1SH</driversLicence>
		<origin>Mersin</origin>
		<truckRegistrationNumber>253</truckRegistrationNumber>
		<needPowerPoint>false</needPowerPoint>
		<driverLicenceNumber>MPT08YMZ3CL</driverLicenceNumber>
		<driverName>Wylie Hines</driverName>
	</record>
	<record>
		<containerID>3091</containerID>
		<destination>Göppingen</destination>
		<driversLicence>UTL09GEI8DT</driversLicence>
		<origin>Bonnyville Municipal District</origin>
		<truckRegistrationNumber>221</truckRegistrationNumber>
		<needPowerPoint>true</needPowerPoint>
		<driverLicenceNumber>YDR74KWG6CX</driverLicenceNumber>
		<driverName>Gil Frederick</driverName>
	</record>
	<record>
		<containerID>9384</containerID>
		<destination>Wodonga</destination>
		<driversLicence>OJV26OZZ6NE</driversLicence>
		<origin>Osimo</origin>
		<truckRegistrationNumber>233</truckRegistrationNumber>
		<needPowerPoint>true</needPowerPoint>
		<driverLicenceNumber>QUN37BSC5HT</driverLicenceNumber>
		<driverName>Cyrus Hendrix</driverName>
	</record>
	<record>
		<containerID>5854</containerID>
		<destination>Mercedes</destination>
		<driversLicence>KBC16QRF1GL</driversLicence>
		<origin>Sant'Agapito</origin>
		<truckRegistrationNumber>103</truckRegistrationNumber>
		<needPowerPoint>false</needPowerPoint>
		<driverLicenceNumber>FIN43MKK6AY</driverLicenceNumber>
		<driverName>Lee Randall</driverName>
	</record>
	<record>
		<containerID>9007</containerID>
		<destination>Sunderland</destination>
		<driversLicence>VMI49SZM4TJ</driversLicence>
		<origin>Opole</origin>
		<truckRegistrationNumber>147</truckRegistrationNumber>
		<needPowerPoint>false</needPowerPoint>
		<driverLicenceNumber>GAO96BYV8EM</driverLicenceNumber>
		<driverName>Price Cote</driverName>
	</record>
	<record>
		<containerID>4703</containerID>
		<destination>Purulia</destination>
		<driversLicence>XJL73PUU5SM</driversLicence>
		<origin>Shepparton</origin>
		<truckRegistrationNumber>174</truckRegistrationNumber>
		<needPowerPoint>true</needPowerPoint>
		<driverLicenceNumber>SQY19VEP5ZL</driverLicenceNumber>
		<driverName>Reed Nicholson</driverName>
	</record>
	<record>
		<containerID>0977</containerID>
		<destination>Anglet</destination>
		<driversLicence>HEM65RET7NU</driversLicence>
		<origin>Dubuisson</origin>
		<truckRegistrationNumber>27</truckRegistrationNumber>
		<needPowerPoint>true</needPowerPoint>
		<driverLicenceNumber>UGV79RTF6XI</driverLicenceNumber>
		<driverName>Malcolm Jones</driverName>
	</record>
	<record>
		<containerID>7189</containerID>
		<destination>Arviat</destination>
		<driversLicence>EYI85FSV4FQ</driversLicence>
		<origin>Ceranesi</origin>
		<truckRegistrationNumber>145</truckRegistrationNumber>
		<needPowerPoint>false</needPowerPoint>
		<driverLicenceNumber>AWH40SAY3HQ</driverLicenceNumber>
		<driverName>Tobias Solomon</driverName>
	</record>
	<record>
		<containerID>6962</containerID>
		<destination>Kortrijk</destination>
		<driversLicence>MNV26MQR3HN</driversLicence>
		<origin>Laja</origin>
		<truckRegistrationNumber>137</truckRegistrationNumber>
		<needPowerPoint>false</needPowerPoint>
		<driverLicenceNumber>GVZ57GZJ2SJ</driverLicenceNumber>
		<driverName>Charles Campbell</driverName>
	</record>
	<record>
		<containerID>9929</containerID>
		<destination>Santa Maria a Monte</destination>
		<driversLicence>JIF65QKF6XI</driversLicence>
		<origin>Massa Martana</origin>
		<truckRegistrationNumber>28</truckRegistrationNumber>
		<needPowerPoint>true</needPowerPoint>
		<driverLicenceNumber>EPF21HCV2FT</driverLicenceNumber>
		<driverName>Eric Burgess</driverName>
	</record>
	<record>
		<containerID>2881</containerID>
		<destination>Mansfield-et-Pontefract</destination>
		<driversLicence>PZA98TOL9EJ</driversLicence>
		<origin>Treguaco</origin>
		<truckRegistrationNumber>177</truckRegistrationNumber>
		<needPowerPoint>true</needPowerPoint>
		<driverLicenceNumber>YSI43RNG3WX</driverLicenceNumber>
		<driverName>Rudyard Horn</driverName>
	</record>
	<record>
		<containerID>7947</containerID>
		<destination>Södertälje</destination>
		<driversLicence>ZIO79GDD2QI</driversLicence>
		<origin>San Pietro Mussolino</origin>
		<truckRegistrationNumber>219</truckRegistrationNumber>
		<needPowerPoint>false</needPowerPoint>
		<driverLicenceNumber>GTJ21GFG7NH</driverLicenceNumber>
		<driverName>Hector Shannon</driverName>
	</record>
	<record>
		<containerID>2688</containerID>
		<destination>Cirencester</destination>
		<driversLicence>HZQ70KJT2IY</driversLicence>
		<origin>Sheffield</origin>
		<truckRegistrationNumber>73</truckRegistrationNumber>
		<needPowerPoint>true</needPowerPoint>
		<driverLicenceNumber>ECU10JLV1DO</driverLicenceNumber>
		<driverName>Amos Compton</driverName>
	</record>
	<record>
		<containerID>3925</containerID>
		<destination>Heppenheim</destination>
		<driversLicence>NFB35GPK8RQ</driversLicence>
		<origin>Greymouth</origin>
		<truckRegistrationNumber>21</truckRegistrationNumber>
		<needPowerPoint>false</needPowerPoint>
		<driverLicenceNumber>AFR47FQG4UL</driverLicenceNumber>
		<driverName>Jeremy Weber</driverName>
	</record>
	<record>
		<containerID>0645</containerID>
		<destination>Jhang</destination>
		<driversLicence>HUN84AIF5HJ</driversLicence>
		<origin>Coalville</origin>
		<truckRegistrationNumber>247</truckRegistrationNumber>
		<needPowerPoint>true</needPowerPoint>
		<driverLicenceNumber>VRO54UAN6AL</driverLicenceNumber>
		<driverName>Colby Lambert</driverName>
	</record>
	<record>
		<containerID>5000</containerID>
		<destination>Beert</destination>
		<driversLicence>PVC40YRI6SS</driversLicence>
		<origin>Pathankot</origin>
		<truckRegistrationNumber>129</truckRegistrationNumber>
		<needPowerPoint>false</needPowerPoint>
		<driverLicenceNumber>UTY40WSS5QE</driverLicenceNumber>
		<driverName>Bert Cannon</driverName>
	</record>
	<record>
		<containerID>7982</containerID>
		<destination>Wolfville</destination>
		<driversLicence>QRL61OGN9RA</driversLicence>
		<origin>Roubaix</origin>
		<truckRegistrationNumber>6</truckRegistrationNumber>
		<needPowerPoint>false</needPowerPoint>
		<driverLicenceNumber>DJO68XWJ8NS</driverLicenceNumber>
		<driverName>Armand Leblanc</driverName>
	</record>
	<record>
		<containerID>5521</containerID>
		<destination>Forst</destination>
		<driversLicence>YKS31CAB7PA</driversLicence>
		<origin>Esslingen</origin>
		<truckRegistrationNumber>129</truckRegistrationNumber>
		<needPowerPoint>true</needPowerPoint>
		<driverLicenceNumber>NEL41AIV5WU</driverLicenceNumber>
		<driverName>Berk Brady</driverName>
	</record>
	<record>
		<containerID>5843</containerID>
		<destination>Saint-Mard</destination>
		<driversLicence>NYC81ZKT0HX</driversLicence>
		<origin>Beypazarı</origin>
		<truckRegistrationNumber>205</truckRegistrationNumber>
		<needPowerPoint>true</needPowerPoint>
		<driverLicenceNumber>RJL29XVX7OZ</driverLicenceNumber>
		<driverName>Mark Blackburn</driverName>
	</record>
	<record>
		<containerID>1589</containerID>
		<destination>Natales</destination>
		<driversLicence>ANE34VQF1IJ</driversLicence>
		<origin>Vizianagaram</origin>
		<truckRegistrationNumber>85</truckRegistrationNumber>
		<needPowerPoint>true</needPowerPoint>
		<driverLicenceNumber>FKP77MEM2QC</driverLicenceNumber>
		<driverName>Kadeem Strickland</driverName>
	</record>
	<record>
		<containerID>0916</containerID>
		<destination>Trevignano Romano</destination>
		<driversLicence>SQZ82ESS0TN</driversLicence>
		<origin>Marilles</origin>
		<truckRegistrationNumber>78</truckRegistrationNumber>
		<needPowerPoint>true</needPowerPoint>
		<driverLicenceNumber>UGM38NEB3NL</driverLicenceNumber>
		<driverName>Vincent Delgado</driverName>
	</record>
	<record>
		<containerID>3809</containerID>
		<destination>Vico nel Lazio</destination>
		<driversLicence>ZNG42RJO4GC</driversLicence>
		<origin>Raigarh</origin>
		<truckRegistrationNumber>265</truckRegistrationNumber>
		<needPowerPoint>true</needPowerPoint>
		<driverLicenceNumber>JBY04YQE8SW</driverLicenceNumber>
		<driverName>Peter Ray</driverName>
	</record>
	<record>
		<containerID>0727</containerID>
		<destination>Bois-de-Villers</destination>
		<driversLicence>MBL86AYT1DM</driversLicence>
		<origin>Terlago</origin>
		<truckRegistrationNumber>210</truckRegistrationNumber>
		<needPowerPoint>false</needPowerPoint>
		<driverLicenceNumber>ULE74XPY6AZ</driverLicenceNumber>
		<driverName>Benjamin Castaneda</driverName>
	</record>
	<record>
		<containerID>2669</containerID>
		<destination>Gifhorn</destination>
		<driversLicence>CTH22TFR2BO</driversLicence>
		<origin>Lincoln</origin>
		<truckRegistrationNumber>220</truckRegistrationNumber>
		<needPowerPoint>false</needPowerPoint>
		<driverLicenceNumber>OWI26UFQ0VG</driverLicenceNumber>
		<driverName>Arsenio Leach</driverName>
	</record>
	<record>
		<containerID>9008</containerID>
		<destination>Saint-Prime</destination>
		<driversLicence>DNO59YKX4CY</driversLicence>
		<origin>Coquitlam</origin>
		<truckRegistrationNumber>76</truckRegistrationNumber>
		<needPowerPoint>false</needPowerPoint>
		<driverLicenceNumber>SIH38HLO6VD</driverLicenceNumber>
		<driverName>William Stevenson</driverName>
	</record>
	<record>
		<containerID>1998</containerID>
		<destination>Vallenar</destination>
		<driversLicence>KTZ97YPQ2QJ</driversLicence>
		<origin>Saumur</origin>
		<truckRegistrationNumber>259</truckRegistrationNumber>
		<needPowerPoint>true</needPowerPoint>
		<driverLicenceNumber>NQQ62ZFP3LV</driverLicenceNumber>
		<driverName>Xenos Barry</driverName>
	</record>
	<record>
		<containerID>9940</containerID>
		<destination>Stilo</destination>
		<driversLicence>LJH74KWE9HH</driversLicence>
		<origin>Blehen</origin>
		<truckRegistrationNumber>209</truckRegistrationNumber>
		<needPowerPoint>false</needPowerPoint>
		<driverLicenceNumber>XHM35FVE1QE</driverLicenceNumber>
		<driverName>Callum Potter</driverName>
	</record>
	<record>
		<containerID>5757</containerID>
		<destination>Ronciglione</destination>
		<driversLicence>WGL24QZE2OC</driversLicence>
		<origin>Atlanta</origin>
		<truckRegistrationNumber>51</truckRegistrationNumber>
		<needPowerPoint>true</needPowerPoint>
		<driverLicenceNumber>KPS68EFC5KD</driverLicenceNumber>
		<driverName>Carter Downs</driverName>
	</record>
	<record>
		<containerID>3807</containerID>
		<destination>Gwalior</destination>
		<driversLicence>ODX08XLP2NF</driversLicence>
		<origin>Newark</origin>
		<truckRegistrationNumber>123</truckRegistrationNumber>
		<needPowerPoint>true</needPowerPoint>
		<driverLicenceNumber>ZDK45ZUE1YM</driverLicenceNumber>
		<driverName>Brendan Hayden</driverName>
	</record>
	<record>
		<containerID>7801</containerID>
		<destination>Pangnirtung</destination>
		<driversLicence>NAZ55MMT0UG</driversLicence>
		<origin>Tiruvannamalai</origin>
		<truckRegistrationNumber>112</truckRegistrationNumber>
		<needPowerPoint>false</needPowerPoint>
		<driverLicenceNumber>SED66HWL6IK</driverLicenceNumber>
		<driverName>Raphael Mcknight</driverName>
	</record>
	<record>
		<containerID>8608</containerID>
		<destination>Bellary</destination>
		<driversLicence>GRJ05SWA3GW</driversLicence>
		<origin>Aulnay-sous-Bois</origin>
		<truckRegistrationNumber>159</truckRegistrationNumber>
		<needPowerPoint>true</needPowerPoint>
		<driverLicenceNumber>JLJ92XXM1BC</driverLicenceNumber>
		<driverName>Aquila Hurst</driverName>
	</record>
	<record>
		<containerID>5087</containerID>
		<destination>Inverbervie</destination>
		<driversLicence>CPG87HPR9TW</driversLicence>
		<origin>Tuscaloosa</origin>
		<truckRegistrationNumber>125</truckRegistrationNumber>
		<needPowerPoint>true</needPowerPoint>
		<driverLicenceNumber>QCV43HNS3DX</driverLicenceNumber>
		<driverName>Chase Olson</driverName>
	</record>
	<record>
		<containerID>0302</containerID>
		<destination>Baricella</destination>
		<driversLicence>RCJ57TXT6NP</driversLicence>
		<origin>Horsham</origin>
		<truckRegistrationNumber>47</truckRegistrationNumber>
		<needPowerPoint>true</needPowerPoint>
		<driverLicenceNumber>YRP13FWH6IE</driverLicenceNumber>
		<driverName>Amos Orr</driverName>
	</record>
	<record>
		<containerID>3014</containerID>
		<destination>Bruckneudorf</destination>
		<driversLicence>CTV79PSM0NV</driversLicence>
		<origin>Colombes</origin>
		<truckRegistrationNumber>173</truckRegistrationNumber>
		<needPowerPoint>false</needPowerPoint>
		<driverLicenceNumber>NKA89JEW8QU</driverLicenceNumber>
		<driverName>Bernard Mason</driverName>
	</record>
	<record>
		<containerID>0635</containerID>
		<destination>Laarne</destination>
		<driversLicence>GBP75EAP6KC</driversLicence>
		<origin>Colmar</origin>
		<truckRegistrationNumber>37</truckRegistrationNumber>
		<needPowerPoint>false</needPowerPoint>
		<driverLicenceNumber>TLS05OEA6KT</driverLicenceNumber>
		<driverName>Fuller Hansen</driverName>
	</record>
	<record>
		<containerID>8444</containerID>
		<destination>Erdemli</destination>
		<driversLicence>FQY21FUF3UN</driversLicence>
		<origin>Reading</origin>
		<truckRegistrationNumber>252</truckRegistrationNumber>
		<needPowerPoint>false</needPowerPoint>
		<driverLicenceNumber>NJE13ETU4IY</driverLicenceNumber>
		<driverName>Hamish Newton</driverName>
	</record>
	<record>
		<containerID>3457</containerID>
		<destination>Prince George</destination>
		<driversLicence>FTX95RSU8OK</driversLicence>
		<origin>Shipshaw</origin>
		<truckRegistrationNumber>42</truckRegistrationNumber>
		<needPowerPoint>false</needPowerPoint>
		<driverLicenceNumber>ZIP85ZKL9BO</driverLicenceNumber>
		<driverName>Colt Garrison</driverName>
	</record>
	<record>
		<containerID>3921</containerID>
		<destination>Anchorage</destination>
		<driversLicence>CLD88LJP3AV</driversLicence>
		<origin>Aylesbury</origin>
		<truckRegistrationNumber>181</truckRegistrationNumber>
		<needPowerPoint>true</needPowerPoint>
		<driverLicenceNumber>FIR45CVI5JP</driverLicenceNumber>
		<driverName>Jonas Snider</driverName>
	</record>
	<record>
		<containerID>5686</containerID>
		<destination>Velletri</destination>
		<driversLicence>XFZ49OEM8ZU</driversLicence>
		<origin>Warangal</origin>
		<truckRegistrationNumber>102</truckRegistrationNumber>
		<needPowerPoint>true</needPowerPoint>
		<driverLicenceNumber>WWL80VHU5ZO</driverLicenceNumber>
		<driverName>Stephen Doyle</driverName>
	</record>
	<record>
		<containerID>4301</containerID>
		<destination>Mannheim</destination>
		<driversLicence>ZXF07DUA7WT</driversLicence>
		<origin>Thurso</origin>
		<truckRegistrationNumber>189</truckRegistrationNumber>
		<needPowerPoint>true</needPowerPoint>
		<driverLicenceNumber>KFZ51OZM5QR</driverLicenceNumber>
		<driverName>Rigel Hart</driverName>
	</record>
	<record>
		<containerID>3414</containerID>
		<destination>Mobile</destination>
		<driversLicence>JXG52RWA4HO</driversLicence>
		<origin>Flushing</origin>
		<truckRegistrationNumber>186</truckRegistrationNumber>
		<needPowerPoint>true</needPowerPoint>
		<driverLicenceNumber>QFN20UHE2BH</driverLicenceNumber>
		<driverName>Carter Velez</driverName>
	</record>
	<record>
		<containerID>7894</containerID>
		<destination>Poitiers</destination>
		<driversLicence>MGQ35DUU9PQ</driversLicence>
		<origin>HŽvillers</origin>
		<truckRegistrationNumber>212</truckRegistrationNumber>
		<needPowerPoint>false</needPowerPoint>
		<driverLicenceNumber>BCT99SYO3AP</driverLicenceNumber>
		<driverName>Alan Cleveland</driverName>
	</record>
	<record>
		<containerID>4665</containerID>
		<destination>Meerle</destination>
		<driversLicence>CDL26FWQ9YM</driversLicence>
		<origin>Jerzu</origin>
		<truckRegistrationNumber>101</truckRegistrationNumber>
		<needPowerPoint>true</needPowerPoint>
		<driverLicenceNumber>UJQ68SRS0TF</driverLicenceNumber>
		<driverName>Kieran Head</driverName>
	</record>
	<record>
		<containerID>6662</containerID>
		<destination>Firozabad</destination>
		<driversLicence>TXQ57JAJ6OF</driversLicence>
		<origin>Merseburg</origin>
		<truckRegistrationNumber>218</truckRegistrationNumber>
		<needPowerPoint>false</needPowerPoint>
		<driverLicenceNumber>FAX35PSV4UY</driverLicenceNumber>
		<driverName>Benjamin Meadows</driverName>
	</record>
	<record>
		<containerID>8108</containerID>
		<destination>Serskamp</destination>
		<driversLicence>PDL23YLX6IM</driversLicence>
		<origin>Latisana</origin>
		<truckRegistrationNumber>138</truckRegistrationNumber>
		<needPowerPoint>true</needPowerPoint>
		<driverLicenceNumber>JWO78JWI6YY</driverLicenceNumber>
		<driverName>Honorato Wise</driverName>
	</record>
	<record>
		<containerID>0094</containerID>
		<destination>Harlow</destination>
		<driversLicence>SEM67CYB8NS</driversLicence>
		<origin>Alassio</origin>
		<truckRegistrationNumber>280</truckRegistrationNumber>
		<needPowerPoint>true</needPowerPoint>
		<driverLicenceNumber>FAB48LVV3HB</driverLicenceNumber>
		<driverName>Gregory Abbott</driverName>
	</record>
	<record>
		<containerID>5656</containerID>
		<destination>Bolano</destination>
		<driversLicence>XXF99GDB3GB</driversLicence>
		<origin>Yahyalı</origin>
		<truckRegistrationNumber>57</truckRegistrationNumber>
		<needPowerPoint>true</needPowerPoint>
		<driverLicenceNumber>ELK35WTB5CT</driverLicenceNumber>
		<driverName>Norman Larson</driverName>
	</record>
	<record>
		<containerID>9573</containerID>
		<destination>Ch‰telineau</destination>
		<driversLicence>EYP69NCS4NW</driversLicence>
		<origin>Harrison Hot Springs</origin>
		<truckRegistrationNumber>269</truckRegistrationNumber>
		<needPowerPoint>true</needPowerPoint>
		<driverLicenceNumber>BQQ46UGW1UB</driverLicenceNumber>
		<driverName>Lance Hardin</driverName>
	</record>
	<record>
		<containerID>0949</containerID>
		<destination>Chicago</destination>
		<driversLicence>IXX56AFD5TA</driversLicence>
		<origin>Issy-les-Moulineaux</origin>
		<truckRegistrationNumber>297</truckRegistrationNumber>
		<needPowerPoint>false</needPowerPoint>
		<driverLicenceNumber>NBG36PSR0QL</driverLicenceNumber>
		<driverName>Troy Gonzales</driverName>
	</record>
	<record>
		<containerID>9538</containerID>
		<destination>Weyburn</destination>
		<driversLicence>NOE03YOP9KB</driversLicence>
		<origin>Palayankottai</origin>
		<truckRegistrationNumber>147</truckRegistrationNumber>
		<needPowerPoint>false</needPowerPoint>
		<driverLicenceNumber>HOR04HIS6US</driverLicenceNumber>
		<driverName>Jordan Emerson</driverName>
	</record>
	<record>
		<containerID>1593</containerID>
		<destination>Brussegem</destination>
		<driversLicence>NZW19NJN8TL</driversLicence>
		<origin>Warwick</origin>
		<truckRegistrationNumber>105</truckRegistrationNumber>
		<needPowerPoint>true</needPowerPoint>
		<driverLicenceNumber>VTC20MCW3YP</driverLicenceNumber>
		<driverName>Bruce Castaneda</driverName>
	</record>
	<record>
		<containerID>9544</containerID>
		<destination>Orilla</destination>
		<driversLicence>IWK78NIV0MI</driversLicence>
		<origin>Solingen</origin>
		<truckRegistrationNumber>298</truckRegistrationNumber>
		<needPowerPoint>false</needPowerPoint>
		<driverLicenceNumber>BRO32WMD9TJ</driverLicenceNumber>
		<driverName>Gage Peck</driverName>
	</record>
	<record>
		<containerID>3226</containerID>
		<destination>Wick</destination>
		<driversLicence>DFV45FQI6RI</driversLicence>
		<origin>Diepenbeek</origin>
		<truckRegistrationNumber>89</truckRegistrationNumber>
		<needPowerPoint>false</needPowerPoint>
		<driverLicenceNumber>ICZ69QVT0SW</driverLicenceNumber>
		<driverName>Gregory Kim</driverName>
	</record>
	<record>
		<containerID>4757</containerID>
		<destination>New Haven</destination>
		<driversLicence>DQJ72FIW0LO</driversLicence>
		<origin>Hindupur</origin>
		<truckRegistrationNumber>80</truckRegistrationNumber>
		<needPowerPoint>true</needPowerPoint>
		<driverLicenceNumber>XXX57FUS5YM</driverLicenceNumber>
		<driverName>Dane Santos</driverName>
	</record>
	<record>
		<containerID>5664</containerID>
		<destination>Ciplet</destination>
		<driversLicence>SFL70QVD0OR</driversLicence>
		<origin>St. Petersburg</origin>
		<truckRegistrationNumber>93</truckRegistrationNumber>
		<needPowerPoint>true</needPowerPoint>
		<driverLicenceNumber>PVL77OCV9CR</driverLicenceNumber>
		<driverName>Gage Bullock</driverName>
	</record>
	<record>
		<containerID>9269</containerID>
		<destination>Caplan</destination>
		<driversLicence>RXB51GUH2NW</driversLicence>
		<origin>Neudörfl</origin>
		<truckRegistrationNumber>37</truckRegistrationNumber>
		<needPowerPoint>false</needPowerPoint>
		<driverLicenceNumber>LCZ88LOF0IF</driverLicenceNumber>
		<driverName>Brent Walls</driverName>
	</record>
	<record>
		<containerID>0678</containerID>
		<destination>Springfield</destination>
		<driversLicence>NEE70PXF6MS</driversLicence>
		<origin>Vetlanda</origin>
		<truckRegistrationNumber>240</truckRegistrationNumber>
		<needPowerPoint>true</needPowerPoint>
		<driverLicenceNumber>HXC17VZW4PP</driverLicenceNumber>
		<driverName>Levi Steele</driverName>
	</record>
	<record>
		<containerID>1361</containerID>
		<destination>Satara</destination>
		<driversLicence>SSW16PZF2EO</driversLicence>
		<origin>Palagano</origin>
		<truckRegistrationNumber>160</truckRegistrationNumber>
		<needPowerPoint>false</needPowerPoint>
		<driverLicenceNumber>KTE14GRB2DI</driverLicenceNumber>
		<driverName>Rigel Kinney</driverName>
	</record>
	<record>
		<containerID>9736</containerID>
		<destination>Malbaie</destination>
		<driversLicence>LHM51NOL9IJ</driversLicence>
		<origin>Waarmaarde</origin>
		<truckRegistrationNumber>177</truckRegistrationNumber>
		<needPowerPoint>false</needPowerPoint>
		<driverLicenceNumber>UKX45DRC3XY</driverLicenceNumber>
		<driverName>Abraham Haney</driverName>
	</record>
	<record>
		<containerID>7779</containerID>
		<destination>Ballarat</destination>
		<driversLicence>VJZ16WUE6GA</driversLicence>
		<origin>Massimino</origin>
		<truckRegistrationNumber>243</truckRegistrationNumber>
		<needPowerPoint>false</needPowerPoint>
		<driverLicenceNumber>JXC84FUE0CM</driverLicenceNumber>
		<driverName>Colby Mccullough</driverName>
	</record>
	<record>
		<containerID>1035</containerID>
		<destination>Dover</destination>
		<driversLicence>SEJ22YBY6EI</driversLicence>
		<origin>Tresigallo</origin>
		<truckRegistrationNumber>29</truckRegistrationNumber>
		<needPowerPoint>false</needPowerPoint>
		<driverLicenceNumber>ITR94NSP7MF</driverLicenceNumber>
		<driverName>Caldwell Macdonald</driverName>
	</record>
	<record>
		<containerID>0794</containerID>
		<destination>Purnea</destination>
		<driversLicence>IKP15RMS8SI</driversLicence>
		<origin>Dolcedo</origin>
		<truckRegistrationNumber>45</truckRegistrationNumber>
		<needPowerPoint>true</needPowerPoint>
		<driverLicenceNumber>ODO44QCO5VW</driverLicenceNumber>
		<driverName>Lucian Gonzalez</driverName>
	</record>
	<record>
		<containerID>0953</containerID>
		<destination>Ottignies</destination>
		<driversLicence>JDO99QSH6FV</driversLicence>
		<origin>Puente Alto</origin>
		<truckRegistrationNumber>85</truckRegistrationNumber>
		<needPowerPoint>false</needPowerPoint>
		<driverLicenceNumber>TYR99TOI0EV</driverLicenceNumber>
		<driverName>Zachary Keith</driverName>
	</record>
	<record>
		<containerID>0051</containerID>
		<destination>Helkijn</destination>
		<driversLicence>QOE18VYQ2AH</driversLicence>
		<origin>Bath</origin>
		<truckRegistrationNumber>210</truckRegistrationNumber>
		<needPowerPoint>false</needPowerPoint>
		<driverLicenceNumber>EOX06VNF0JX</driverLicenceNumber>
		<driverName>Amir Pickett</driverName>
	</record>
	<record>
		<containerID>5787</containerID>
		<destination>Gebze</destination>
		<driversLicence>MJN34HEU1LH</driversLicence>
		<origin>Freux</origin>
		<truckRegistrationNumber>152</truckRegistrationNumber>
		<needPowerPoint>false</needPowerPoint>
		<driverLicenceNumber>QIV20VYT6RM</driverLicenceNumber>
		<driverName>Linus Schroeder</driverName>
	</record>
	<record>
		<containerID>7437</containerID>
		<destination>Cropalati</destination>
		<driversLicence>HWA17YGI3VO</driversLicence>
		<origin>Porretta Terme</origin>
		<truckRegistrationNumber>171</truckRegistrationNumber>
		<needPowerPoint>true</needPowerPoint>
		<driverLicenceNumber>RPA43PTW6LV</driverLicenceNumber>
		<driverName>Arthur Henson</driverName>
	</record>
	<record>
		<containerID>9924</containerID>
		<destination>Exeter</destination>
		<driversLicence>UCX96XGR2SL</driversLicence>
		<origin>Ogbomosho</origin>
		<truckRegistrationNumber>45</truckRegistrationNumber>
		<needPowerPoint>true</needPowerPoint>
		<driverLicenceNumber>QEP00WZJ9YJ</driverLicenceNumber>
		<driverName>Reese Shannon</driverName>
	</record>
	<record>
		<containerID>5593</containerID>
		<destination>Gloucester</destination>
		<driversLicence>PRW73YPD3BB</driversLicence>
		<origin>Philadelphia</origin>
		<truckRegistrationNumber>180</truckRegistrationNumber>
		<needPowerPoint>false</needPowerPoint>
		<driverLicenceNumber>GUB65VCJ0CJ</driverLicenceNumber>
		<driverName>Oliver Hicks</driverName>
	</record>
	<record>
		<containerID>0459</containerID>
		<destination>Bournemouth</destination>
		<driversLicence>GFQ89HIE0TA</driversLicence>
		<origin>Orangeville</origin>
		<truckRegistrationNumber>151</truckRegistrationNumber>
		<needPowerPoint>true</needPowerPoint>
		<driverLicenceNumber>OFV76OLM8VA</driverLicenceNumber>
		<driverName>Hashim Sparks</driverName>
	</record>
	<record>
		<containerID>6049</containerID>
		<destination>Schoonaarde</destination>
		<driversLicence>XUH90XTX1QN</driversLicence>
		<origin>Asnières-sur-Seine</origin>
		<truckRegistrationNumber>49</truckRegistrationNumber>
		<needPowerPoint>true</needPowerPoint>
		<driverLicenceNumber>FUS81UDI4WP</driverLicenceNumber>
		<driverName>Aladdin Hurst</driverName>
	</record>
	<record>
		<containerID>6183</containerID>
		<destination>Falisolle</destination>
		<driversLicence>GFW70DXU3BB</driversLicence>
		<origin>Grand-RosiŽre-Hottomont</origin>
		<truckRegistrationNumber>152</truckRegistrationNumber>
		<needPowerPoint>false</needPowerPoint>
		<driverLicenceNumber>ZAS61HZU2XV</driverLicenceNumber>
		<driverName>Paul Gaines</driverName>
	</record>
	<record>
		<containerID>0562</containerID>
		<destination>Kanpur</destination>
		<driversLicence>XLL58JFB5ZV</driversLicence>
		<origin>Palmilla</origin>
		<truckRegistrationNumber>143</truckRegistrationNumber>
		<needPowerPoint>false</needPowerPoint>
		<driverLicenceNumber>XXZ27VYT0OY</driverLicenceNumber>
		<driverName>Steel Lyons</driverName>
	</record>
	<record>
		<containerID>4756</containerID>
		<destination>Millport</destination>
		<driversLicence>TII63ITL8PK</driversLicence>
		<origin>Serramonacesca</origin>
		<truckRegistrationNumber>122</truckRegistrationNumber>
		<needPowerPoint>true</needPowerPoint>
		<driverLicenceNumber>PJN71PCN0OV</driverLicenceNumber>
		<driverName>Nero Barrett</driverName>
	</record>
	<record>
		<containerID>4440</containerID>
		<destination>Dabgram</destination>
		<driversLicence>ABM19EAG6OE</driversLicence>
		<origin>Missoula</origin>
		<truckRegistrationNumber>295</truckRegistrationNumber>
		<needPowerPoint>false</needPowerPoint>
		<driverLicenceNumber>EGD69JSH7FA</driverLicenceNumber>
		<driverName>Lucian Crane</driverName>
	</record>
	<record>
		<containerID>4008</containerID>
		<destination>Pointe-Claire</destination>
		<driversLicence>JWO29ZGR5GT</driversLicence>
		<origin>Castle Douglas</origin>
		<truckRegistrationNumber>26</truckRegistrationNumber>
		<needPowerPoint>true</needPowerPoint>
		<driverLicenceNumber>NER29MSQ7EB</driverLicenceNumber>
		<driverName>Jameson Alston</driverName>
	</record>
	<record>
		<containerID>2744</containerID>
		<destination>Nice</destination>
		<driversLicence>JWY52KZQ5KB</driversLicence>
		<origin>Jamioulx</origin>
		<truckRegistrationNumber>210</truckRegistrationNumber>
		<needPowerPoint>true</needPowerPoint>
		<driverLicenceNumber>JRN30JQJ1IL</driverLicenceNumber>
		<driverName>Denton Chavez</driverName>
	</record>
	<record>
		<containerID>9161</containerID>
		<destination>Sterling Heights</destination>
		<driversLicence>CLD94NGR7SE</driversLicence>
		<origin>Thuillies</origin>
		<truckRegistrationNumber>57</truckRegistrationNumber>
		<needPowerPoint>true</needPowerPoint>
		<driverLicenceNumber>QWB97OTG8WQ</driverLicenceNumber>
		<driverName>Bradley Hickman</driverName>
	</record>
	<record>
		<containerID>9628</containerID>
		<destination>LaSalle</destination>
		<driversLicence>STG39ZRL7BK</driversLicence>
		<origin>Tulita</origin>
		<truckRegistrationNumber>150</truckRegistrationNumber>
		<needPowerPoint>false</needPowerPoint>
		<driverLicenceNumber>HHS49HQP0TU</driverLicenceNumber>
		<driverName>Ferdinand Fulton</driverName>
	</record>
	<record>
		<containerID>2893</containerID>
		<destination>Inverbervie</destination>
		<driversLicence>NFP91WCN3EX</driversLicence>
		<origin>Nancagua</origin>
		<truckRegistrationNumber>123</truckRegistrationNumber>
		<needPowerPoint>true</needPowerPoint>
		<driverLicenceNumber>PZS89NNL2EV</driverLicenceNumber>
		<driverName>Chase Burris</driverName>
	</record>
	<record>
		<containerID>1990</containerID>
		<destination>Melle</destination>
		<driversLicence>DVU12WSK4TW</driversLicence>
		<origin>Collinas</origin>
		<truckRegistrationNumber>240</truckRegistrationNumber>
		<needPowerPoint>false</needPowerPoint>
		<driverLicenceNumber>YXB14KEP4LT</driverLicenceNumber>
		<driverName>Malcolm Alexander</driverName>
	</record>
	<record>
		<containerID>8612</containerID>
		<destination>Ofena</destination>
		<driversLicence>ZDD56ZSY9VY</driversLicence>
		<origin>Racine</origin>
		<truckRegistrationNumber>195</truckRegistrationNumber>
		<needPowerPoint>true</needPowerPoint>
		<driverLicenceNumber>NHI24YLJ6NF</driverLicenceNumber>
		<driverName>Geoffrey Atkins</driverName>
	</record>
	<record>
		<containerID>3568</containerID>
		<destination>Monte Patria</destination>
		<driversLicence>ZGC97IMI3VR</driversLicence>
		<origin>Siculiana</origin>
		<truckRegistrationNumber>20</truckRegistrationNumber>
		<needPowerPoint>true</needPowerPoint>
		<driverLicenceNumber>KEH23PPE5LF</driverLicenceNumber>
		<driverName>Roth Fry</driverName>
	</record>
	<record>
		<containerID>1401</containerID>
		<destination>Colonnella</destination>
		<driversLicence>WTH87WDS9EL</driversLicence>
		<origin>Barghe</origin>
		<truckRegistrationNumber>20</truckRegistrationNumber>
		<needPowerPoint>true</needPowerPoint>
		<driverLicenceNumber>QXJ10SRI8OC</driverLicenceNumber>
		<driverName>Lawrence Gallegos</driverName>
	</record>
	<record>
		<containerID>1471</containerID>
		<destination>Bailivre</destination>
		<driversLicence>RMV04NZJ7DZ</driversLicence>
		<origin>Vieuxville</origin>
		<truckRegistrationNumber>292</truckRegistrationNumber>
		<needPowerPoint>true</needPowerPoint>
		<driverLicenceNumber>HWV83TCE8EH</driverLicenceNumber>
		<driverName>Robert Bauer</driverName>
	</record>
	<record>
		<containerID>4413</containerID>
		<destination>Sefro</destination>
		<driversLicence>GRL08YAP6FA</driversLicence>
		<origin>San Pedro</origin>
		<truckRegistrationNumber>184</truckRegistrationNumber>
		<needPowerPoint>true</needPowerPoint>
		<driverLicenceNumber>BJB81FDQ5MY</driverLicenceNumber>
		<driverName>Odysseus Vasquez</driverName>
	</record>
	<record>
		<containerID>1079</containerID>
		<destination>Merdorp</destination>
		<driversLicence>XPS41DOI7EW</driversLicence>
		<origin>Flint</origin>
		<truckRegistrationNumber>233</truckRegistrationNumber>
		<needPowerPoint>false</needPowerPoint>
		<driverLicenceNumber>VEW39JHM4NF</driverLicenceNumber>
		<driverName>Justin Mendez</driverName>
	</record>
	<record>
		<containerID>4324</containerID>
		<destination>Piotrków Trybunalski</destination>
		<driversLicence>AOH80YXO2BH</driversLicence>
		<origin>Moulins</origin>
		<truckRegistrationNumber>26</truckRegistrationNumber>
		<needPowerPoint>false</needPowerPoint>
		<driverLicenceNumber>VHO33VNF0ZV</driverLicenceNumber>
		<driverName>James Ortiz</driverName>
	</record>
	<record>
		<containerID>9617</containerID>
		<destination>Piegaro</destination>
		<driversLicence>UWF78KRS7OW</driversLicence>
		<origin>Ingraj Bazar</origin>
		<truckRegistrationNumber>234</truckRegistrationNumber>
		<needPowerPoint>false</needPowerPoint>
		<driverLicenceNumber>NVO90KEN7PH</driverLicenceNumber>
		<driverName>Simon Bryant</driverName>
	</record>
	<record>
		<containerID>5185</containerID>
		<destination>Nethen</destination>
		<driversLicence>EJT07HJJ3MW</driversLicence>
		<origin>Llandrindod Wells</origin>
		<truckRegistrationNumber>186</truckRegistrationNumber>
		<needPowerPoint>false</needPowerPoint>
		<driverLicenceNumber>ZTD74QHA7RF</driverLicenceNumber>
		<driverName>Jonah Blackburn</driverName>
	</record>
	<record>
		<containerID>9543</containerID>
		<destination>Snellegem</destination>
		<driversLicence>DZL69TER2SO</driversLicence>
		<origin>Jaipur</origin>
		<truckRegistrationNumber>192</truckRegistrationNumber>
		<needPowerPoint>false</needPowerPoint>
		<driverLicenceNumber>AET12UQX3TW</driverLicenceNumber>
		<driverName>Ashton Quinn</driverName>
	</record>
	<record>
		<containerID>6060</containerID>
		<destination>Watford</destination>
		<driversLicence>ZGK94UZK7GJ</driversLicence>
		<origin>Gonnosfanadiga</origin>
		<truckRegistrationNumber>292</truckRegistrationNumber>
		<needPowerPoint>true</needPowerPoint>
		<driverLicenceNumber>SJE78BMK7MB</driverLicenceNumber>
		<driverName>Mason Santana</driverName>
	</record>
	<record>
		<containerID>4240</containerID>
		<destination>Macul</destination>
		<driversLicence>KCP65ISM6SP</driversLicence>
		<origin>Codó</origin>
		<truckRegistrationNumber>174</truckRegistrationNumber>
		<needPowerPoint>true</needPowerPoint>
		<driverLicenceNumber>RAF36LBY7WA</driverLicenceNumber>
		<driverName>Darius Chen</driverName>
	</record>
	<record>
		<containerID>5927</containerID>
		<destination>Kansas City</destination>
		<driversLicence>IVH53MWQ1RI</driversLicence>
		<origin>Castelluccio Valmaggiore</origin>
		<truckRegistrationNumber>3</truckRegistrationNumber>
		<needPowerPoint>false</needPowerPoint>
		<driverLicenceNumber>WON76MUQ9OF</driverLicenceNumber>
		<driverName>Oscar Travis</driverName>
	</record>
	<record>
		<containerID>5002</containerID>
		<destination>Port Moody</destination>
		<driversLicence>HHS64UQS3LI</driversLicence>
		<origin>Seattle</origin>
		<truckRegistrationNumber>6</truckRegistrationNumber>
		<needPowerPoint>false</needPowerPoint>
		<driverLicenceNumber>BWB16SAU4OK</driverLicenceNumber>
		<driverName>Samson Simpson</driverName>
	</record>
	<record>
		<containerID>9557</containerID>
		<destination>Exeter</destination>
		<driversLicence>HWV02JAB0VG</driversLicence>
		<origin>Pune</origin>
		<truckRegistrationNumber>243</truckRegistrationNumber>
		<needPowerPoint>false</needPowerPoint>
		<driverLicenceNumber>PFS13RRO8ZF</driverLicenceNumber>
		<driverName>Reese Patton</driverName>
	</record>
	<record>
		<containerID>9012</containerID>
		<destination>Noida</destination>
		<driversLicence>FQZ75HLW7CS</driversLicence>
		<origin>Rodì Milici</origin>
		<truckRegistrationNumber>125</truckRegistrationNumber>
		<needPowerPoint>false</needPowerPoint>
		<driverLicenceNumber>TDF90AXD2LB</driverLicenceNumber>
		<driverName>Ferris Ewing</driverName>
	</record>
</AllVisists>